z,fixedEffect
0.258248,-0.061655827
-0.2288065,-0.001211658
-0.057613842,-0.003314456
0.43493867,-0.003314456
0.11766719,-0.026431603
0.10394805,-0.048923381
0.94947737,-0.003314456
0.34619749,-0.003314456
1.1114539,0.076546185
0.28976375,-0.003314456
0.64224893,0.13200486
0.039636403,-0.003314456
1.5663686,0.069385998
-0.81457365,-0.049020793
0.20004386,-0.003314456
0.37723583,-0.003314456
0.40801468,0.028050829
-0.83825862,-0.031217972
-1.4164745,-0.003314456
0.66989118,-0.003314456
-0.31153107,-0.003314456
1.4550778,0.070434339
0.76937842,0.11570556
-0.27902675,-0.026575331
-0.09072274,-0.026575331
0.15632828,-0.13676567
0.65720385,-0.070519909
0.59308618,0.000182015
-0.43757856,0.026894975
-0.089497715,-0.003314456
0.51239884,-0.1199441
0.055675916,-0.024230035
-0.85255986,-0.003314456
-0.29100364,-0.003314456
0.92166662,-0.006161689
0.66002423,-0.003314456
0.12149089,-0.003314456
0.2216797,0.10893339
0.27587453,0.002525137
0.42762879,0.10664744
-0.60277748,-0.003314456
-0.39003506,-0.003314456
0.080873378,-0.003314456
0.15933484,0.15324846
-0.13293563,-0.003314456
-0.26533592,0.1153184
0.5650053,-0.003314456
0.45619699,0.072818071
0.45038128,0.091393225
-0.56338573,-0.073127769
0.087568514,-0.003314456
-0.29515803,-0.003314456
0.52406013,-0.003314456
0.46783945,0.13794956
0.64815891,-0.021165684
-0.24297704,-0.016160022
0.97140461,0.16754319
1.6763039,0.041685618
0.19005129,-0.003314456
0.80929643,0.050767012
-0.37483388,0.056982372
0.6443783,0.10175886
0.28995493,-0.045070022
0.32922485,-0.060038105
-0.27085724,-0.003314456
-0.27085724,-0.003314456
0.13740937,0.076714203
1.6081369,-0.003314456
1.3391137,0.04907592
-0.35445154,-0.003314456
0.40815482,0.009005126
0.44063362,-0.29534313
-0.2700468,0.00813477
1.1356463,0.13846728
-0.27378714,-0.19063534
1.4191526,0.41555092
0.32279795,0.015189066
0.79515827,0.10049342
-0.44823995,-0.038231384
-0.44323057,-0.003314456
-0.51850212,-0.075353973
2.5078719,-0.003314456
0.15294278,-0.007309889
1.0888509,0.10812561
-0.55275273,-0.11806688
1.2745539,0.4305985
0.37871128,-0.003314456
0.68662536,-0.003314456
1.0563425,0.084574819
-0.68738216,-0.017677249
0.12407081,-0.12328299
-0.079148076,-0.015112919
0.27168745,-0.13180831
-0.42010891,-0.003314456
0.34736827,0.024697207
0.34736827,0.024697207
-1.5309892,-0.14915761
-0.62282205,-0.003314456
-0.39206871,-0.003314456
0.10517812,0.002816709
0.40442342,0.064272195
0.57866222,0.033054478
1.5119621,-0.15395409
0.14233001,0.057369016
0.095669739,-0.003314456
-0.54420251,0.001020599
0.86474073,0.18194154
0.067497201,-0.3958618
-0.20607609,-0.3958618
0.70211232,-0.073810689
0.087554611,-0.003314456
-0.53825587,0.038043525
0.31006518,-0.042436115
0.080695972,0.024699895
-0.17870229,-0.003314456
-0.17870229,-0.003314456
0.29948053,0.009783244
0.47976494,0.12812021
0.19849274,0.024739053
0.32763827,0.012785802
0.28970787,0.006301183
-0.035568535,-0.003314456
-0.16909356,-0.053393207
0.49034244,0.076632783
0.62383658,-0.003314456
0.39954054,-0.003314456
0.54074538,0.1346346
0.28902808,0.028333753
0.40407225,-0.003314456
0.63216197,0.073040761
-0.082450047,0.022571817
0.29361206,-0.001095669
0.070749879,-0.003314456
0.52279383,-0.003314456
-0.064790003,-0.035903241
-0.23658405,-0.003314456
0.82028306,-0.003314456
1.1223401,-0.000646164
1.0635349,0.019424185
0.35931119,-0.003314456
-0.18935716,-0.003314456
-0.34927118,-0.003314456
0.092457831,0.016925205
-0.67857903,-0.1650081
-0.067605056,-0.04146881
0.1014307,-0.050826661
0.067919686,-0.00704169
0.17790417,-0.032164838
0.49712428,-0.061515953
0.38115525,0.013262369
0.65888822,-0.070393667
0.58881766,0.009453016
0.048092436,-0.003314456
0.18292111,-0.003314456
0.31964758,0.017893925
0.18688434,-0.003314456
-0.18876396,-0.003314456
-0.16446577,-0.003314456
0.35676748,-0.003314456
0.31360593,-0.03064217
-0.20578633,-0.078569539
0.004232687,0.059051059
0.47353142,0.059051059
-2.17712,-0.096694112
0.085606821,0.06269107
0.42437801,0.00766402
0.73390269,-0.01301868
0.019749088,-0.003314456
0.40611157,-0.003314456
0.29057503,-0.003314456
0.52815217,-0.003314456
0.66948348,-0.003314456
0.77870613,0.078824542
-0.45126009,-0.003314456
-0.45126009,-0.003314456
0.35720402,-0.21578227
0.98491764,-0.003314456
0.11681035,0.000821526
-0.14202403,-0.003314456
0.41567805,-0.003314456
0.4077912,-0.015874682
0.10918617,0.005901726
0.65410781,0.039290465
0.73051292,-0.003314456
-0.26563171,-0.084036373
-0.24938098,-0.11645514
0.81554693,0.006966469
0.18514974,0.003123747
1.1078973,0.009404826
0.60842019,-0.003314456
0.3943924,-0.003314456
0.87087703,0.057451647
-0.26879296,-0.099179104
0.7859717,-0.003314456
0.36733186,-0.10163755
0.14482953,-0.003314456
0.14482953,-0.003314456
0.38644224,0.13327684
0.25762275,-0.16935326
-0.68997079,-0.003314456
1.0127116,0.023168312
1.3247837,-0.003314456
0.24646974,-0.003314456
0.3077414,-0.038097743
0.84596133,0.023840215
0.69508982,-0.041230813
0.84811544,-0.006565788
0.55210161,0.12847951
1.1542434,0.056084376
0.1300905,-0.003314456
0.92891347,0.051682193
-0.13627046,-0.024064887
0.096638657,-0.00687792
-0.22202286,-0.010461672
0.31887871,-0.003314456
-0.22463447,-0.033179097
0.015387629,-0.033179097
0.76096439,-0.010475887
0.23157768,-0.074140094
-1.2285484,-0.12577975
-0.31768894,-0.003314456
0.23629504,-0.029729765
-0.34131131,-0.003314456
0.50024265,0.20770025
-0.20427719,-0.15560076
0.095379464,-0.003314456
0.73300439,0.018764082
-0.004998022,-0.017040573
0.15659688,-0.43983579
-0.11019104,0.008050703
-0.51719964,-0.18259449
-0.8327049,-0.003314456
0.005833988,-0.12609552
0.21155395,0.031801488
0.21155395,0.031801488
0.002946854,0.050550289
-0.40534252,-0.003314456
-0.40877253,-0.0670733
-0.21562287,-0.00477559
-0.34823358,-0.007840686
0.081760384,-0.071627304
0.45488578,-0.021470558
-0.13855498,-0.003314456
0.53962106,0.10799979
0.53619105,0.097995885
-0.23971513,-0.003314456
0.28001463,-0.003314456
-0.50234807,-0.046254646
0.1316523,-0.14810909
0.59939235,-0.003314456
-0.076761566,-0.13970019
-0.21962978,-0.007427575
-0.043598156,-0.055044726
-0.010643186,-0.078074932
0.42616388,0.015874792
-0.63675672,-0.030071136
0.29968545,0.097505927
0.45802766,0.026037503
-0.47668487,-0.003314456
0.3593089,-0.029085893
-0.14534025,-0.084385529
-0.046598177,0.017034896
-0.66132081,-0.003314456
-0.9070521,-0.098729819
-0.083943702,0.009025359
1.2228978,0.070774302
0.29652101,-0.001328939
-0.21821699,-0.049568128
-0.097765557,-0.003314456
0.45465386,-0.003314456
-0.051598366,-0.003314456
0.29522872,-0.026357647
0.37512377,-0.031648554
-0.29757422,-0.003314456
-0.072554581,-0.033747125
1.6076289,-0.003314456
-0.50831318,-0.012846954
0.080409102,-0.003314456
0.80753464,-0.003314456
0.71265614,0.15451834
0.53654665,-0.10670538
-0.49722233,-0.050360546
-1.2224973,0.064443409
0.44466257,-9.52323E-05
0.10442476,-0.057808161
0.48380443,0.000308549
-0.19586463,-0.003314456
0.27834517,-0.081054345
0.027269267,-0.057642449
-0.99409193,0.16525038
0.18896537,0.00562611
0.6184327,-0.40432814
0.57600659,-0.00029488
0.12943938,-0.045483433
0.37870815,0.015380461
-0.2911489,-0.046267901
1.2534124,0.062882803
0.25563014,0.037064224
0.32505476,0.037064224
0.31020552,0.039135937
-0.16808306,-0.016284192
-0.37365064,0.00121875
0.18225013,0.04143519
-0.072836705,-0.57155222
0.6519227,0.11375476
0.32200211,-0.022058824
0.4147017,-0.003314456
1.1125691,-0.003314456
0.4430438,-0.012518088
-0.2006475,-0.018827626
0.11346191,-0.19351262
0.33994615,0.047089685
0.59068817,-0.003036794
0.53229815,-0.003314456
-0.52068597,0.016579526
0.71376944,-0.003314456
-0.18632011,-0.003314456
0.097773433,0.019723793
0.061895043,-0.003314456
0.60248154,-0.080442272
-0.33715054,-0.0021174
0.47387314,-0.005306382
-0.316585,-0.088149637
0.22950554,0.027470859
0.44915822,0.052594364
-0.86769199,-0.003314456
-0.017914804,-0.003314456
0.10270831,-0.050909672
-0.10720371,-0.048310343
0.56380975,-0.040543593
-0.26850134,-0.031923432
-0.11726518,0.025292175
0.60115844,-0.047257178
0.49068642,-0.05172829
-0.57052261,-0.020058846
0.36445734,-0.2773619
-0.2103609,0.016728861
0.21878836,-0.071636796
0.31823358,-0.003314456
-0.15754198,0.10097656
0.073768042,0.10097656
-0.40112093,-0.013066649
0.5196768,0.12047976
0.57303703,0.10304695
0.33849552,-0.003314456
-0.24207646,0.023043009
0.50906187,-0.009145355
-0.47474673,-0.042169303
0.89985985,-0.003314456
-0.26583928,0.027964415
0.32180691,0.067893669
0.066379629,-0.21804814
-0.096389338,-0.21804814
-0.43706262,-0.003314456
-0.16306345,-0.003314456
-0.42196906,0.080363408
0.45201513,0.072932616
-0.41032517,0.24722543
-0.047482867,0.082348093
-0.13777122,-0.011760969
0.75440174,0.17254791
1.000679,0.088878334
0.64220226,0.058075681
-0.23438913,0.032251846
0.078490518,-0.002828387
-0.13607341,0.073217802
0.01013869,-0.003314456
0.49519208,-0.032622188
0.24705206,0.06962321
0.10371524,0.001165503
1.0913595,0.10978548
0.87660623,0.032683782
0.60304099,0.003685063
0.76751238,-0.049759176
0.92533672,-0.049759176
0.34830633,0.067430004
0.63260877,0.026462082
1.0360085,0.020370435
0.16916583,0.014871395
0.25291997,0.002154485
-0.16952462,-0.037060738
0.30605379,-0.003314456
-0.12418333,-0.019057093
-0.37049663,-0.003314456
-0.086128347,-0.003314456
-0.13266081,0.003954536
0.41043332,0.049578495
0.33878326,0.075189203
0.2734971,-0.003314456
0.33570969,0.039843839
0.47638279,0.04837475
0.53284186,0.11641951
0.46525329,-0.037062697
0.50057733,-0.003314456
-0.35109445,-0.003314456
-0.47874779,-0.036134344
-0.20955485,0.07585299
0.001610951,0.018256798
-0.18951569,-0.039800517
0.055129442,-0.008938183
0.30211791,-0.003314456
-0.47371051,-0.003314456
-0.35082209,-0.11902089
-0.084556565,-0.003314456
0.089177705,0.1078167
-0.30740586,-0.003314456
0.32582778,-0.063070953
0.17753123,0.030619951
-0.010785523,-0.034944609
-0.13073877,-0.031129993
0.88263309,-0.003314456
0.08029633,-0.046335217
-0.25241083,-0.003314456
0.32100689,0.036583677
0.63238412,0.013507982
0.31528056,0.012493693
0.38193625,-0.003314456
0.25383306,-0.025663575
0.74706316,0.1591489
0.46652004,-0.003314456
-0.7087633,-0.003314456
1.035962,-0.003314456
0.081128687,-0.030605102
0.36903363,0.022955447
0.35592571,-0.003314456
0.13817938,-0.036908183
0.26937357,-0.003314456
-0.50682235,-0.011377847
-0.34293827,-0.16021746
-0.160446,0.008472447
-0.46307677,-0.009507599
0.74686664,-0.003314456
0.026825314,-0.003314456
0.52296245,-0.055021226
0.67695671,-0.002886293
0.066887252,-0.095576689
0.043759722,-0.003314456
-0.17141958,-0.003314456
0.7489267,0.13135496
-0.060718831,0.008262365
0.61419755,-0.003314456
0.16618289,0.11283572
-0.25795469,-0.003314456
0.49037048,-0.003314456
-0.43111572,-0.019127265
-0.00072031,-0.003314456
0.13141836,-0.003314456
0.5529297,0.0809021
0.42318484,0.040300727
-0.54750049,-0.003314456
-0.23726486,0.02957074
0.66452187,-0.13796447
0.41073143,-0.003314456
-0.61107141,-0.046394601
-0.58052409,-0.003314456
-0.58052409,-0.003314456
-0.60784662,0.025327319
-0.081315324,0.012406918
0.60349941,-0.012267119
0.24008259,-0.042044088
0.68222761,0.023003211
-0.77130026,-0.003314456
0.33854467,0.10345848
0.032478925,0.032443445
0.7227028,-0.057220142
1.243808,-0.015205262
0.54181504,-0.003314456
-0.30751109,0.046784077
-0.47280714,-0.030354988
0.098978698,-0.003314456
-0.73067611,-0.003314456
-0.33315456,-0.003314456
-0.47482297,0.007546399
0.75807673,0.048139002
-0.21754965,0.040510651
1.0633311,-0.003314456
0.70464057,-0.003314456
-0.003430739,-0.004506517
1.160139,-0.061648287
0.85512501,-0.061648287
-0.84736979,-0.003314456
0.62359595,-0.059721582
-0.4736546,-0.003314456
0.59087735,0.12234662
-0.3694554,-0.003314456
0.34950885,-0.003314456
0.6813783,0.026226645
0.52137184,-0.003314456
-0.18350953,-0.022758452
-0.3921451,0.023340328
0.20583652,-0.073954485
0.20991603,-0.003323278
0.78512239,-0.003314456
0.62738383,-0.003314456
-0.3209396,-0.003314456
-0.35544184,-0.003314456
1.1511406,0.028929386
-0.31573078,-0.037778996
-0.24485806,0.021911822
0.41877127,-0.003314456
0.46598423,-0.034622651
0.14282727,0.047014438
0.19432212,0.11338085
0.51417673,-0.010108602
0.3288365,-0.010108602
0.12611441,-0.003314456
0.85912299,0.005873204
-0.37974894,-0.14198102
0.35862947,-0.06688197
0.57358092,-0.017647194
-1.585094,-0.003314456
0.40670353,-0.003314456
-0.006734942,-0.003314456
-0.31854644,-0.003314456
0.79681689,0.20186831
0.55846083,0.015161881
1.0100055,0.17175454
-0.52073222,0.10782605
0.35573977,0.027374018
-0.24181417,-0.006571519
0.420407,-0.003314456
-0.071128309,-0.15677476
-0.15381245,-0.003702025
-0.15381245,-0.003702025
0.079593591,-0.01916776
0.18229146,-0.003314456
0.15897854,-0.003314456
1.4609439,0.016335595
0.24241656,-0.098167911
0.29118428,-0.098167911
-0.20485194,-0.003150986
0.45424816,-0.003314456
-0.32676154,0.066689312
1.3470088,-0.081891075
-0.41194287,-0.003314456
0.38001677,-0.009644637
0.39358076,0.007757671
0.51324165,-0.030821992
0.26310733,0.081277177
-0.091469601,-0.003314456
-0.43986326,-0.003314456
0.59037215,0.020678474
0.003142485,-0.017063428
-0.034512047,-0.035756588
-0.92867148,-0.02454228
0.2600511,-0.003314456
-0.17296293,-0.007125158
0.1212772,-0.003314456
-0.5108943,-0.003314456
1.8317351,-0.13812526
0.60544103,-0.23063342
-0.44183764,-0.003314456
-0.17009555,-0.01434364
0.15797007,-0.003314456
0.15448564,0.064957149
-0.45312881,-0.093685836
0.25587317,-0.071163177
-0.36156633,-0.003314456
0.34760055,-0.39314952
0.88402182,-0.004776883
-0.16352265,0.001442244
-0.04874786,-0.065551564
-0.04874786,-0.065551564
1.3568672,0.14137846
0.60268778,0.016213203
-0.3897796,0.052486315
-0.36964595,-0.070643783
-0.27839455,0.14130415
-0.42116997,-0.024593752
-0.29879689,-0.003314456
-0.67808604,-0.003314456
-0.93459409,0.065857626
0.6344521,-0.003314456
0.84702373,0.046596579
0.43012661,0.093087099
0.20434518,0.018197825
-0.043272108,0.040727369
-0.23455539,-0.046684597
0.015136714,0.13046002
0.85672837,0.024758223
1.4356378,-0.025160536
0.38973564,0.068213657
-0.12617885,0.086373389
-0.010861452,-0.040338073
0.78177625,-0.003314456
0.85806733,0.005696669
-0.28748807,-0.10839901
-0.33661103,-0.003314456
0.72620064,-0.003314456
-0.11497197,-0.032296337
-0.12870476,0.031623423
-0.076811559,-0.003314456
-0.12870476,0.031623423
-0.30481046,-0.003314456
0.19090991,0.062711783
-0.27227387,-0.003314456
0.82256097,-0.20511556
0.4904857,-0.003314456
0.93089342,0.089838132
0.35849708,-0.003314456
0.36571029,-0.053442981
-0.58781558,-0.054891869
-0.62077868,-0.18565592
0.30009502,-0.15942296
0.22534598,0.000919482
0.063172929,0.044355754
-0.22343475,0.009939447
-0.24960709,0.007875395
0.47551128,-0.003314456
-0.22768314,-0.003314456
0.1254912,0.091324247
-1.2334603,0.073868699
0.50169194,-0.040243678
0.62445885,-0.003314456
0.58449,0.003658117
0.72605187,0.020701477
0.64364457,-0.003780139
0.49440873,-0.003314456
-0.015946861,-0.003314456
-1.4910548,0.078397028
-1.86271,0.00388633
0.25387928,0.035069935
-0.34307316,-0.003314456
-0.39057344,-0.13527192
0.15104058,0.009276497
-0.23423092,0.006929752
-0.23423092,0.006929752
-0.33356377,-0.089699432
0.31666791,-0.004144074
0.65968102,0.077136166
0.046539903,-0.003314456
0.13506931,0.008257861
0.9315393,-0.003314456
0.27041245,0.056357652
-0.35415959,0.04079406
0.074661314,-0.049889684
0.16550815,-0.003314456
-1.8946208,-0.003314456
0.002232273,-0.017315581
0.14328131,-0.022267338
0.30072951,0.02911705
0.48508447,-0.023228317
-0.21082611,-0.14670072
-0.11629219,-0.031335361
-0.61173654,-0.003314456
-0.50940323,0.099513195
-0.4356527,-0.003314456
0.91418689,0.074649557
-0.15338485,-0.013772856
-0.53333038,-0.003314456
0.41749087,-0.026924986
-0.57016724,0.098446123
0.25358143,0.047181915
-0.8410235,-0.050438475
0.98653728,0.074538201
0.17505248,-0.029350283
-0.60479373,-0.097537786
0.42214674,-0.003314456
0.71752834,0.066286668
0.43990532,-0.045870498
0.53024399,0.076070562
0.32760853,-0.003314456
0.020358343,-0.003314456
0.30216005,0.019396748
-0.12906733,-0.016565911
0.078192972,-0.072266094
0.064632118,-0.083198875
0.014502586,-0.056559984
0.55336267,0.022483226
0.50018108,0.1171916
-0.27691513,-0.020643221
0.03386765,-0.12524627
0.6177029,-0.003314456
0.5606091,-0.003314456
-0.023002982,-0.10965608
-0.009939638,-0.10965608
0.63498145,-0.001426063
0.30556586,0.021259174
-0.28849831,-0.073173955
0.22717032,0.02840369
1.1581429,0.048525162
0.35639572,0.030275783
0.48929381,0.28825733
0.68142408,0.063230015
0.25719222,0.1405894
0.16858894,0.096891135
-0.31947991,0.05390523
0.36241329,-0.006889229
-0.35139284,0.06500639
-0.53246039,-0.003314456
0.051783737,0.01650868
-0.225198,-0.004917614
0.42420447,-0.003314456
-0.42274258,-0.12703104
0.67901212,0.30203837
0.025691031,-0.060503781
0.87669259,0.029155113
0.19282962,-0.002134598
0.066981494,-0.011317786
0.87629199,-0.003314456
0.3910833,0.010816482
-0.52505803,0.064548425
0.049275283,-0.003314456
-1.0192264,-0.12459426
0.71676594,0.084492534
0.2389908,0.17356303
-0.018657722,-0.056646492
0.48577467,0.070981398
0.60998863,0.096241757
0.13007529,-0.10244908
0.53135788,-0.012393004
0.14218055,-0.003314456
0.30714157,-0.003314456
0.043533336,0.094022743
-0.50915527,0.012387367
-0.24928614,-0.025509456
-0.746059,-0.088728607
0.23779458,0.066369042
0.56251615,0.01449643
0.34544131,0.012048714
0.22004244,-0.001131389
-0.051261116,-0.018689899
0.85640955,-0.003314456
-0.16148779,-0.038802221
0.90917212,0.016449763
0.52048576,-0.003314456
0.19073407,-0.05503777
-0.24688114,-0.021778969
-0.080775306,-0.12120412
-0.741687,-0.24034066
0.044574004,0.1108677
0.70872861,0.095041834
-0.004596053,-0.10073192
0.46811524,-0.062311471
0.1132568,0.017590884
0.34775358,0.064500809
0.10991117,-0.003314456
0.64565676,0.012132631
0.1241288,-0.073158532
0.43469542,0.000844245
0.77233547,-0.003314456
-0.12535636,0.011056515
0.058103245,-0.003314456
0.023920797,0.050005239
1.3259356,0.12491611
-0.048773911,0.01989468
0.43786445,0.03330946
0.34331948,0.081996456
-0.19171633,-0.016917244
0.60658795,0.044458531
0.27493346,0.022211848
0.29273325,-0.018387007
0.36170614,0.011805268
0.48496458,-0.004215227
1.1575326,-0.018258672
0.25136223,-0.003314456
0.58474004,-0.003314456
-1.9419602,-0.24935357
0.87486535,-0.18028308
-0.49283564,0.035470705
-1.2232839,-0.006242006
-1.2232839,-0.006242006
-1.2232839,-0.006242006
0.36838672,0.046933614
0.50289929,-0.037839644
-0.16417147,-0.035796724
0.056350198,-0.059224803
0.71261317,0.12135682
-0.40290549,0.001727993
0.11929079,-0.003314456
0.63028836,-0.003314456
0.43929821,0.061000455
-0.096959822,0.07033582
-0.10705526,-0.003314456
0.026165416,0.041858412
-1.2592483,0.031707767
-0.4655211,-0.032028064
-0.26898986,-0.046330839
0.12643257,0.02262966
-1.4531045,-0.003314456
-0.78603286,0.1223771
0.045298524,-0.003314456
-0.59757841,-0.003314456
-0.27508566,-0.003314456
0.57815206,0.07423532
0.014571792,-0.015293029
0.44252133,0.011748014
0.57835239,0.040830631
0.20215712,0.036560241
0.037274797,0.047479142
0.010602133,0.033880435
0.15670204,-0.003314456
0.70009238,0.097870573
-0.15008578,-0.06861449
-0.55979431,-0.013250673
0.8089065,-0.034926042
0.500359,0.090759926
0.18056667,-0.063034616
0.013284419,0.002126901
0.90230209,0.062303882
0.48176527,-0.001343946
0.37923694,-0.003314456
0.18149437,-0.008177056
0.018517608,0.008052217
-0.40616506,-0.003314456
0.14548449,0.014854781
0.71544158,-0.0753913
0.21126032,0.054673418
0.45046738,0.091054559
-0.49870646,0.013379119
-0.54681993,-0.003314456
-0.32006517,-0.020906955
0.66512716,0.1322985
0.11596714,0.003786112
-0.48628601,-0.003314456
1.0068409,0.1575973
0.40384078,0.1628284
0.89346242,-0.16060227
-0.25193244,-0.003314456
0.29083341,-0.00406083
0.34050462,-0.00406083
-0.37385306,0.019903671
0.077483259,-0.003314456
-0.21470998,-0.014559466
0.18652961,0.01646769
0.43808126,0.090426393
0.0074221,-0.003314456
-0.20816936,-0.003314456
-0.071297258,-0.027960228
-0.15924764,-0.090344973
0.11681498,-0.003314456
0.56558001,-0.004574981
-0.1956051,-0.021276545
0.78352982,0.023873884
-0.24221914,-0.003314456
-0.12234316,-0.026324688
-0.11606506,-0.024728037
0.88461185,0.13638383
-0.26449805,0.02173838
0.45837456,-0.003314456
0.32553691,0.040818088
-0.31399274,0.12272021
0.22195536,0.062476907
0.20577788,0.060289122
1.3513104,-0.19017474
0.1091901,-0.003314456
-0.14363131,-0.16149803
0.46782055,-0.003043711
0.35994202,0.033895344
-0.45909801,0.023762437
0.62662166,-0.003314456
0.78486705,0.15080966
-0.51563036,0.15080966
0.41690469,0.07590618
0.043022286,0.071458682
0.21387452,0.050634712
0.77312213,0.034958318
-0.68803596,-0.003314456
-1.1160347,-0.04773267
-0.61754763,0.072809421
0.086243786,-0.027748374
-0.11875211,-0.067060538
-0.13371639,-0.035576385
-2.0321136,0.10134073
0.18372285,0.098791584
-0.29135579,0.002836748
0.54436547,0.029779045
0.19068404,-0.007226632
-0.39833564,-0.066365212
0.19068404,-0.007226632
0.26163667,-0.002600987
1.1322269,-0.003314456
0.16945341,0.18155907
0.007369371,-0.003314456
0.72529835,-0.008185345
-0.007954702,-0.31422967
-0.006527126,0.020191193
-0.16904868,-0.12311983
-0.41175219,-0.020641873
-0.31324667,0.019370897
0.19318089,-0.003314456
0.26898843,0.054429714
-0.071698248,0.029752435
-0.38805521,-0.14614789
0.2933577,0.052038129
-0.020575842,-0.003431241
-0.54341656,-0.12749949
-0.38698274,-0.003314456
-0.17517252,-0.016619761
-0.18926883,-0.016619761
-0.2023008,-0.11884489
0.46015453,0.082307056
0.17770648,-0.003314456
0.43656948,-0.067843594
0.57101965,0.050233886
-0.023902455,-0.003314456
0.14557536,0.023163548
0.17756216,-0.039029386
0.28118718,-0.003314456
0.40585861,-0.003314456
-0.033964004,-0.004864149
0.63411885,-0.12549418
-0.19740327,-0.003314456
0.012738709,-0.042037897
0.27148849,-0.12486623
-0.37855548,-0.073209725
0.59489739,-0.009912657
-0.38801864,-0.023461098
0.011947243,0.11011253
-0.77558464,-0.003314456
1.6954746,-0.003314456
-0.38938272,0.004317344
0.40448591,-0.003314456
0.35030767,-0.003314456
-0.19306225,-0.003314456
0.30925384,-0.046324097
0.58831877,-0.14439435
0.29964837,-0.003314456
1.2425441,0.078935251
0.47428748,-0.003314456
0.27244636,0.018757313
0.93456095,0.003881273
2.1488543,-0.003314456
-0.045469258,0.05296794
0.20694491,0.007685226
0.55664206,-0.003314456
-0.22887112,-0.003314456
0.96705806,0.006699426
1.1460985,0.11667212
0.58115184,-0.003314456
0.1763245,-0.003314456
-0.802863,-0.003314456
-2.5900123,0.028159905
0.60677934,0.15296327
0.69552201,0.13419251
0.7461853,0.18228325
-0.047421757,0.030067999
0.8547951,0.008903565
-0.12087999,-0.003314456
-0.98661214,-0.003314456
-1.1604493,-0.003314456
0.81583738,0.026728163
0.65546274,-0.003314456
0.22181904,-0.003314456
0.54626697,0.015981227
-0.76619381,-0.003314456
-0.11254049,-0.003314456
0.83527583,0.10969164
-0.94376808,-0.003314456
0.42149222,-0.23152076
0.5375542,-0.003314456
0.14921072,0.013278541
-0.35708985,-0.040754437
-0.034758281,-0.003314456
0.13098013,-0.003314456
0.24550049,0.013753409
0.71054476,-0.003314456
0.54115736,-0.003314456
0.11330807,-0.003314456
0.76277167,0.050405871
0.95523053,0.077784844
0.67447644,-0.003314456
-0.21830145,-0.003314456
0.9571144,-0.003314456
0.6246351,0.15315723
0.15957485,0.041241869
0.59686601,-0.012568588
0.37824675,-0.029262932
0.10547274,0.26953954
0.67277575,0.1155844
0.7090407,0.072762154
-0.34081817,-0.005857338
-0.66508627,0.003807675
0.17432116,-0.000857279
2.5341029,-0.009064613
1.3305155,0.087817654
-0.022713022,-0.003314456
0.19836091,-0.003314456
0.087820143,0.043430563
-0.60723263,-0.02691721
-0.73058063,-0.036962453
0.65195948,-0.003314456
0.20230623,-0.003314456
-0.022641446,-0.0289024
0.27442569,0.055329893
0.60367811,0.007840438
-0.13196433,-0.0291954
1.3999411,0.11972965
-0.8631019,-0.003314456
-0.20517409,-0.000313488
-0.25494933,-0.003314456
-0.010943002,-0.003314456
0.82877219,0.14774026
0.31342819,0.025168626
-0.038939066,-0.003314456
-0.061407309,0.028985744
0.20918339,0.028985744
0.12734783,-0.014574888
0.018245038,-0.065268561
0.80473274,-0.098567545
0.35286391,0.003708344
0.005371807,-0.12981185
1.2147217,0.014995971
0.76436174,-0.003314456
0.34609821,-0.003314456
-0.3759127,-0.003314456
-0.84709412,-0.003314456
-0.22384019,-0.003314456
0.61945981,0.024841014
0.0511619,0.069840692
0.86475551,-0.10311127
0.40256363,0.01155707
0.66480511,-0.096820936
0.73884141,-0.003314456
0.73884141,-0.003314456
0.36295152,0.062265702
1.6603919,-0.003314456
-1.1504524,-0.1060157
0.30654937,-0.12962744
1.0283808,0.12238634
1.1622071,-0.003314456
0.73688519,0.11884578
0.26742074,-0.12967962
-0.69469714,-0.003314456
0.66505373,-0.003314456
0.36147374,0.000574251
0.056909047,0.003784737
0.85957068,0.10562868
-0.040013015,0.026518637
0.023482895,-0.10738053
-0.96773934,-0.003314456
-0.17679155,-0.086644717
0.20240466,0.077894859
-0.4768756,0.18931414
0.075180121,-0.003314456
0.43322214,-0.003314456
0.37631822,0.002557507
0.032786593,0.031651746
0.58164424,0.00753291
0.26619735,0.00753291
0.21509433,0.004755585
0.15464702,-0.015862826
-0.1373287,-0.04194149
0.39036319,-0.045126796
-0.21421704,-0.16269191
0.30556899,-0.000961096
0.38751909,0.045827631
1.1812907,0.017317303
0.63688892,-0.011860072
0.96183842,0.15974696
-0.10432756,0.017187538
0.045712899,0.017187538
-0.42901433,0.008574592
-0.66946381,0.052911077
-0.04724605,-0.002780731
-0.40414122,-0.003314456
0.98596269,-0.13655126
-0.54219371,-0.034817453
0.64690733,0.007596692
-0.6689924,-0.003314456
0.64705306,0.026462371
0.16429904,-0.044289853
-0.22308686,-0.003314456
-0.32334569,-0.003620411
0.44537362,-0.17533065
0.93843615,-0.17533065
-0.23518315,0.047436792
0.36083171,0.011853633
0.28156909,0.003558082
-0.29366985,-0.009971064
-0.074290596,0.047203273
-0.18440256,-0.057342235
-0.004319254,-0.25620732
0.096208945,-0.003314456
-0.39179748,0.005696695
-0.1135324,-0.008975355
0.6976971,0.0131495
-0.47210836,-0.048991989
-0.41106325,-0.13353787
0.60049838,0.038200933
-0.039469749,0.024451243
0.75246036,0.057315625
0.24503815,-0.006990212
-0.81722349,-0.016268799
0.23280653,0.003097046
0.1662468,0.047361601
0.41517147,0.030592192
-0.11081496,-0.003314456
0.36193159,-0.096216902
0.92298853,-0.003314456
0.58930182,-0.012475076
-0.15205677,-0.003314456
0.14564665,-0.003314456
-0.065308213,0.016969314
0.19296017,0.003002267
-0.38924512,-0.031467933
0.44018304,-0.16269435
0.70282692,0.44527653
0.62370676,0.026335938
0.21539304,0.090537474
0.26733074,0.063956574
0.69403106,0.095244326
-0.67058486,0.038618833
-0.39289847,-0.11942004
-1.4958899,-0.021071378
-0.55017996,0.024897417
0.83510131,-0.003314456
-0.34504807,-0.073776744
-0.42244253,-0.001631607
0.45718846,-0.003314456
0.35401079,0.089078359
0.19623184,-0.006626017
0.15642127,-0.006626017
-1.0131992,-0.045070257
0.29273003,0.053689133
0.28908217,-0.001318312
0.69254792,0.097309217
0.64876735,-0.062097035
0.26540136,-0.001059515
0.41149226,0.090505712
0.62567854,0.001953935
0.57282341,-0.003314456
-0.54954511,-0.008389572
-0.097414762,-0.003314456
-0.32513744,-0.031409431
1.3591125,0.003172611
-0.1805329,-0.26743162
0.25751555,-0.013154891
0.97984344,0.035621446
0.28460661,0.064223945
0.4460479,0.034666024
0.27756077,-0.15846178
-0.19652516,-0.009331383
-0.2557964,-0.009331383
0.23151578,-0.11256588
-0.14340454,-0.003314456
0.2732141,-0.003314456
-0.45212272,-0.18702893
-0.12734428,-0.003314456
0.37935898,-0.01519757
0.48258764,0.076325208
-0.11636347,-0.003314456
0.36115965,0.039353907
-0.21111278,0.010612555
-0.55508441,0.039494656
0.36268067,0.057091195
-0.36335957,-0.003314456
-0.33363444,-0.012561112
-0.43110052,-0.004300509
0.81465793,0.078875586
-0.2851747,-0.006712414
0.76276475,0.053212743
-0.14460784,-0.064005926
1.0179083,0.14885981
0.58715469,0.084051564
0.75430334,-0.003314456
0.71292967,-0.003314456
0.094523333,-0.003314456
-0.076375581,-0.003314456
-0.27989364,-0.003314456
0.46142161,0.074274085
0.09851113,-0.213604
1.2530786,-0.002265031
0.25450605,-0.003314456
0.46359852,-0.10686984
0.50741655,-0.10712495
-0.23024386,-0.003314456
0.8827191,-0.003314456
0.015646845,-0.003314456
-0.24757902,-0.003314456
0.32094851,-0.003314456
0.36967915,-0.003314456
0.22463687,-0.003314456
0.75407106,-0.003314456
0.18334925,-0.077064753
0.34200782,-0.001066795
1.3615723,0.11674862
-0.2640059,0.022485996
0.43524748,-0.003314456
-0.23654824,-0.090377741
0.54481965,0.063160568
-0.47058821,-0.000117401
0.94665867,-0.003314456
0.1018874,-0.018889138
0.16513087,-0.003314456
0.9138481,-0.003314456
-0.4606742,-0.003314456
0.025840605,-0.009386737
0.5833832,0.032690924
-1.3737105,-0.003314456
0.092878535,0.037254725
0.48841083,0.047736045
-0.085351378,-0.003314456
-0.62285048,-0.083023317
0.166807,0.003766377
0.72991198,-0.16956747
-0.41474405,-0.003314456
-0.188933,-0.003314456
-0.054706752,-0.003314456
-0.71885496,-0.003314456
0.02321486,0.0389097
0.17616548,0.022492623
0.22515185,0.022492623
0.70425898,-0.003314456
0.5266127,-0.15198602
-0.29809055,-0.003314456
-0.031308673,0.04958532
-0.45925504,-0.003314456
0.011955288,-0.003314456
-0.33754197,-0.003314456
-0.22519089,0.041569162
-0.93139607,-0.003314456
-0.27043608,-0.020749509
-0.1419158,-0.003314456
0.16376409,0.094103105
0.36013854,0.059096575
0.30997053,0.015165444
-0.048756596,-0.003314456
0.39951715,-0.003314456
-1.3478298,-0.003314456
0.37640813,-0.003314456
-0.13584843,-0.003314456
0.62192225,0.045940626
0.59462017,0.045940626
0.6178751,0.054430921
0.32392353,-0.003314456
0.06061234,-0.04256887
-0.32039329,0.032592479
0.72190577,0.054475375
-0.020959944,-0.003314456
-0.024389945,-0.003314456
0.42474398,0.031585075
0.67933637,-0.14153652
0.34493968,-0.003314456
0.607674,-0.003314456
0.60115701,-0.003314456
1.229399,-0.003314456
1.0411646,0.030084012
-0.18237235,-0.017799035
1.2508461,-0.003314456
-0.16750638,0.19279006
0.062840372,-0.053084403
0.090338372,-0.050757814
-0.63400054,-0.086273775
0.96941501,-0.003314456
0.45608598,0.032290377
-0.58692282,-0.003314456
-0.51772523,-0.003314456
1.0396398,-0.003314456
-0.25000682,0.032326348
1.1568313,0.11317092
3.0078254,-0.003314456
-0.075625733,-0.003314456
0.11436248,-0.003314456
-1.963791,-0.003314456
-0.78825784,-0.003314456
1.0514594,-0.018583125
-0.24887472,-0.003314456
0.11393873,0.1896085
0.26129931,0.039133992
0.41497993,-0.006183268
-0.10236339,0.02106921
0.21998566,0.009784408
0.12622854,0.009784408
1.0447322,0.19356407
0.6268273,0.19356407
-0.13087019,-0.003314456
-0.14338426,-0.026156405
-0.69560474,-0.003314456
0.058840025,0.072354086
-0.021929827,0.19376267
-0.44660273,-0.003314456
-0.17449662,-0.003314456
0.56781614,0.025393097
-0.46315217,-0.19026564
0.93289864,0.084070772
0.65586954,-0.003314456
0.54386002,0.005565859
1.3651172,0.005348149
0.11157809,0.035474539
-0.18197146,-0.003314456
0.28881261,0.028698772
-0.033448141,-0.25457382
0.37091249,0.001160189
1.6617305,-0.003314456
0.11441953,-0.046075601
0.49855524,0.028018245
0.93945295,0.083518639
-0.17873032,0.11374731
0.24206296,-0.003314456
-0.081115156,-0.003314456
1.4108026,0.11349293
-0.29007646,-0.003314456
0.30540907,-0.003314456
-0.31055292,-0.003314456
-0.075099275,-0.008894491
0.079115845,0.012359759
0.39577609,-0.071106561
-0.34431362,-0.003314456
-0.19377762,0.023633298
-0.30209368,-0.039169509
0.44045943,0.068619631
0.23200038,0.068619631
-0.28961951,0.016657343
0.15740907,0.025934316
0.33465737,0.024996424
-0.26146901,-0.003314456
0.32862866,-0.003314456
0.98430562,-0.003314456
-0.49690685,-0.003314456
-0.08781261,0.056997724
-0.024379244,-0.042680521
-0.13860255,-0.003314456
-0.10932656,-0.003314456
0.91881943,0.011202856
-0.52488339,-0.003314456
-0.51653892,-0.025627814
0.35017583,-0.061387822
-0.24268989,-0.003314456
1.2865102,-0.066592745
-0.31901371,-0.03189953
0.17250988,0.10708722
-0.018785449,-0.003314456
0.67138565,-0.003314456
0.83035845,0.10872964
0.27403656,-0.14504766
0.61229682,0.001472731
-0.35963672,-0.072212867
-0.35963672,-0.072212867
-0.7253387,0.01322684
-0.25126982,-0.003314456
0.73315114,0.070022121
-0.79708529,-0.003314456
0.51896334,-0.096749
-0.15979932,-0.005082574
0.38195258,0.040054414
0.083996929,-0.003314456
-0.39936641,0.047023468
0.22517431,-0.16037022
1.1390182,0.11190422
0.19439876,0.011935207
-0.2167958,-0.12522073
-0.12489712,0.011612626
0.021530138,-0.003314456
0.052667089,-0.003314456
-0.44709069,-0.003314456
1.2259334,-0.003314456
0.65633887,-0.040349808
0.6453225,-0.29285154
-0.076130636,-0.003314456
0.49468035,0.004738755
0.37960103,-0.003314456
0.45569059,-0.059679441
-0.48592502,-0.003314456
0.81553406,0.031126693
-0.057803355,-0.003314456
1.3256544,-0.003314456
-0.24438302,-0.003314456
-0.002642157,0.011994941
-0.45796981,-0.003314456
-0.45586193,-0.003314456
-0.22419892,-0.003314456
0.57590777,-0.067828
0.92863697,0.000124937
0.71642816,0.065663897
-0.072065882,0.077164263
0.22287592,-0.003314456
0.20163251,-0.003314456
0.064734355,-0.003314456
0.4006803,-0.006861589
-0.21103801,-0.003308951
0.40794966,0.084698871
0.26761878,0.075722262
0.19250512,-0.15990844
-0.48258105,-0.026362315
-0.53396285,-0.003314456
0.78199822,0.069411315
0.60282707,-0.031588778
0.84635341,0.083222575
-0.51543224,0.040630735
-0.37451288,0.040630735
0.70703411,0.064327985
0.14258897,-0.003314456
1.1956255,0.060446028
0.38512412,0.044528197
0.41445601,-0.003314456
0.60796839,0.077044472
0.18005536,0.01187784
-0.70471227,-0.098547921
0.1967084,-0.003314456
-0.86908144,-0.006921375
0.29279467,-0.073303409
-1.1593852,0.080572546
-0.1016063,0.005431873
-0.28939897,-0.21394922
0.1918852,-0.003314456
0.16491026,0.010814876
-0.2961773,0.09818238
0.64885294,0.002808885
-0.69505453,-0.003314456
1.3589381,-0.003314456
0.18117353,-0.003314456
0.23699421,-0.12082826
0.69111359,0.043369617
0.81332284,0.050776284
0.35403165,-0.003314456
-0.12717405,0.025510674
-0.071691811,-0.003314456
-0.13342538,-0.10256381
-1.0804904,-0.028629148
0.080520049,-0.003314456
0.70709366,0.17799599
-0.54899102,0.22536787
-1.2231746,0.22536787
0.21999909,-0.003314456
0.49758938,-0.002522337
0.17435411,-0.002207238
0.56848341,0.011397288
0.24707881,0.13200566
-1.0613,-0.003314456
1.2107433,0.11261377
0.30611622,-0.008314261
0.41850412,0.017071307
0.019371526,0.033701163
1.7056779,-0.003314456
0.079678081,-0.026512723
0.82221615,0.096531235
1.1072389,-0.003314456
0.40817788,-0.011654177
0.09009289,0.047969855
-0.22670722,-0.039095517
-0.14229758,-0.003314456
-0.14229758,-0.003314456
-0.095787473,-0.003314456
0.68088752,0.001528267
0.086655445,-0.010152425
0.90108544,-0.018061968
0.59139442,-0.003314456
1.0605617,0.057208683
0.38140863,-0.029099464
0.48950061,-0.018707754
-0.68257505,0.026264174
2.3011675,0.036429748
0.98883557,-0.019003376
0.24888197,0.001674719
0.70629859,-0.003314456
0.63812655,0.011248196
0.23401734,-0.003314456
0.15112633,0.044802271
-0.30400437,0.035671208
-0.48209807,-0.11010241
0.041328307,-0.003314456
0.39758042,-0.003314456
0.72817826,-0.003314456
-0.20118698,-0.004314213
0.7662968,-0.003314456
-0.42311594,-0.0745534
1.0676405,0.08938276
-0.051040556,0.003933244
-0.98480546,-0.003314456
0.37032297,-0.003314456
0.48163587,0.074322477
0.096057326,-0.003314456
0.61039776,0.008440205
-0.10375262,0.008546926
0.52733243,0.1602574
-0.052485611,0.031727277
0.15348016,-0.00591415
-0.60886854,-0.032907564
0.41290405,-0.003314456
-0.038995262,-0.096596204
0.24350713,-0.006308958
-0.20849933,-0.003314456
-0.20849933,-0.003314456
0.28616741,0.03820201
1.017579,0.039747778
-0.25331739,-0.037727706
0.41197234,-0.003314456
0.54032493,-0.003314456
0.41941223,0.22765426
-0.1494595,0.021461664
0.34961927,0.01605222
-1.0047535,-0.003314456
0.59058076,-0.0158346
0.40705019,-0.00117946
0.19710863,-0.003314456
-0.3286691,0.005284803
0.56155127,0.005800047
1.2300682,-0.003314456
0.28309104,-0.059247557
-0.13538434,0.069555372
-0.011075313,-0.13276948
0.38647962,0.061402395
0.41412118,-0.003355853
0.58889627,0.075920008
0.15103711,-0.08175233
0.45163444,-0.003314456
0.050802249,-0.00973589
-0.12538993,-0.013207119
-0.14985411,0.015788475
0.5765183,-0.003314456
-0.033869926,-0.098217636
-0.22510791,-0.098217636
0.46546471,-0.014550486
-0.10674758,-0.096723482
0.14219786,-0.064829819
0.58920521,-0.082970358
0.53686041,-0.082970358
-0.55352825,-0.017141689
-0.27471256,-0.24524954
0.66175622,0.011639233
-0.56439638,-0.003314456
0.076981217,-0.003733796
-0.44837961,0.063340448
-0.4958216,0.061497111
0.65737855,0.021105273
0.28337321,0.01606911
0.71764547,0.098670699
0.61135942,-0.02481167
-0.30896375,0.046620913
0.7315926,-0.088363595
1.7751269,-0.003314456
0.083355889,0.009254666
0.91101301,0.11013534
1.119646,0.26175827
-0.008508543,-0.21848631
1.0924435,0.16059631
-1.1763843,-0.15848407
0.53471667,-0.062074494
-0.20266701,0.031546686
0.93079919,-0.005826531
0.24433134,-0.003314456
0.24433134,-0.003314456
0.4414579,0.098557502
0.24249195,0.10959363
-0.43823805,0.026090562
0.16182734,-0.003314456
-1.0673369,-0.021097207
-0.061845824,0.07065393
0.30709001,0.072599605
0.57983434,-0.003314456
0.10351061,-0.065416738
-0.36737889,0.15771602
-0.7963047,-0.003314456
-0.14803787,0.030992245
-0.27377549,-0.056938805
1.0657187,0.21194173
-0.88112187,-0.024931323
-0.88112187,-0.027229462
1.1353531,0.16621058
0.63627583,-0.034896623
0.4342126,-0.028918406
0.6183331,0.000426433
0.76847738,0.14029036
-0.45013642,0.12749611
-0.49845219,-0.003314456
-0.58442008,-0.30797592
-0.1690006,0.016948706
-0.11155429,-0.066105753
0.11486809,0.0061994
-0.48137537,-0.030807398
-0.044391356,-0.005557118
-0.044391356,-0.005557118
0.7452516,0.067939848
0.19335404,0.027376171
0.21201172,-0.002276863
-0.43251526,0.041605137
-0.086557731,0.008839568
0.59292716,-0.028480243
-0.03197002,-0.023645664
1.5559909,0.32233483
0.030604802,0.065702528
-0.13714039,0.11642577
-0.44801554,-0.003314456
0.30200365,0.046399362
0.092655681,0.13386948
-0.31292003,-0.093979567
0.55024904,0.06903334
1.114889,0.056590281
0.74983537,0.11340821
1.6856054,-0.026333289
-0.099195249,0.01395001
0.82297975,-0.04062058
0.35496968,-0.003314456
0.12267721,-0.056198139
-0.25004387,-0.021436593
-0.57307965,0.028068041
0.51113254,0.000484613
-0.23274605,-0.008117317
-0.39236161,0.00712555
0.2556445,-0.023542503
-0.072429687,-0.003314456
1.0946139,0.15372017
0.57399154,-0.031816341
-0.1856284,-0.001826528
-0.099792309,0.021516465
-0.2459355,-0.003314456
0.05435155,-0.003314456
-0.54579896,-0.003314456
0.57217997,-0.003314456
-0.11980826,-0.003314456
0.3386448,-0.007185304
0.15755871,-0.03927489
0.17466232,0.057900567
0.38477856,0.062458441
0.31401819,-0.006105328
0.13068289,0.099578701
0.3345243,-0.003314456
0.31887701,0.049113549
0.1148239,-0.024356132
0.083052255,-0.12433278
0.2405398,0.068706267
0.1966929,-0.070989959
0.076480187,-0.096100576
0.17743549,-0.003314456
-0.65174973,-0.029109553
0.44400129,-0.025164958
0.17416799,-0.029431237
0.55293965,-0.003314456
0.001531512,-0.029331971
-0.094935603,-0.059503701
-0.17917641,0.004936331
0.002953521,-0.041146658
0.093599029,-0.14574112
0.012517388,-0.003314456
0.28639492,-0.013022793
-0.52179807,-0.003314456
0.41627592,-0.003314456
-0.34212226,-0.029741876
-0.55726749,-0.003314456
-0.60808015,-0.036507182
0.46490896,-0.003314456
0.70666522,0.030874409
-0.26812366,-0.003314456
0.71890181,-0.003314456
0.42625651,-0.003314456
-0.45556089,-0.059868593
-0.099383995,0.00602112
0.15503827,-0.003314456
0.29829395,0.004458633
0.25519666,0.079239786
-0.044482887,0.089800619
-0.57312268,-0.02219853
0.39870295,0.042311911
-0.076531783,-0.003314456
-2.0486536,-0.10029598
0.11208589,0.027218869
0.093376338,-0.02458775
0.49576393,0.15532893
0.65329432,-0.003314456
-0.30789632,-0.064028725
0.494201,0.09061648
-0.26996028,-0.003314456
0.11265749,0.0033322
0.6306771,-0.0353426
1.0008595,0.14282364
0.43626928,-0.003314456
0.55934399,-0.016172206
0.57101756,-0.003314456
0.10026384,0.010050611
0.73995268,-0.003314456
-0.15988702,-0.003314456
-0.064762443,-0.003314456
0.9030233,0.017510111
1.1702394,0.21880819
0.80922633,0.11451306
-0.15673985,-0.060218178
0.38491046,-0.019318305
-0.64491576,-0.003314456
0.23963605,0.028128156
0.28297064,0.10577303
-0.051536944,0.02973604
0.82964486,-0.17585821
0.084789082,-0.088982053
0.27798012,0.010833208
-0.14433277,-0.003314456
0.13312222,0.00339911
-0.68882328,-0.003314456
0.33285591,-0.056016117
0.56603223,-0.003314456
-0.30484676,-0.07929904
0.31952137,0.02210925
-0.053112384,0.012401655
0.38830003,-0.003314456
-0.15230191,-0.030337853
0.44967112,0.009596927
0.20408104,-0.003314456
-0.050097153,-0.003314456
-0.02540968,-0.012833747
-0.35463688,0.060459621
0.30478421,-0.009164305
0.25019753,-0.003314456
0.20799237,-0.19555189
0.071704678,0.036819398
0.384496,-0.045771576
0.83661175,-0.08132869
-0.019603143,-0.13601929
0.41266167,-0.003314456
-0.8582564,0.007002287
0.064945318,-0.021157166
-0.49811256,0.022853216
0.026249394,-0.03584674
0.51237029,0.002578457
-0.69415188,0.010928309
-0.632083,-0.18034488
-0.31901059,-0.003314456
1.6781653,-0.066720948
0.38048512,0.20135893
-0.28393123,-0.1185789
-0.49275595,-0.1550733
-1.3597836,-0.003314456
0.20839156,-0.003314456
0.60928094,0.075127341
0.043715455,-0.003314456
-0.45830497,-0.003314456
-0.58178777,-0.003314456
-0.15121338,-0.049562991
-0.76911151,0.002025158
0.16152887,-0.003314456
0.17599808,0.002730972
0.84300512,0.17514104
-0.017333776,0.277022
0.2313396,-0.003314456
0.10152594,-0.067298904
0.45230246,0.026189897
0.083715759,0.002439344
0.005025158,0.002439344
-0.74280477,-0.003314456
-0.33572701,0.003238747
0.42997673,-0.003314456
-0.007918363,-0.059956975
0.58486181,-0.003314456
-0.83617693,-0.003314456
0.40196928,0.058865577
0.39867982,0.009505071
0.17330886,-0.024285221
-0.35764804,0.04380326
0.78265738,0.005972897
0.10134961,-0.044271957
0.29744264,-0.003314456
0.86912179,-0.004192506
-0.27002299,-0.003314456
0.28903344,0.049470395
-0.34853834,0.004365833
-0.30884477,0.010744482
1.1047662,-0.003314456
0.27781051,0.016448054
0.21066092,-0.041808847
0.32951462,-0.073332578
0.32975012,0.004440015
0.35902613,-0.00804285
0.2047489,-0.063471913
0.28089678,0.045567241
1.4010961,-0.003314456
-0.023116639,-0.011064045
-0.19812733,-0.003314456
0.46494994,-0.001854959
0.79785848,0.08916188
0.52116215,-0.034037292
0.23516537,-0.003250822
0.6519888,-0.003250822
-0.2000345,-0.11651072
0.42581138,0.015376167
0.13659257,-0.12098999
0.73417497,0.011013124
-0.4863545,-0.013875352
0.67279142,0.25767943
0.74532884,0.096548162
0.66700077,0.050690465
0.9427864,-0.003314456
0.86602098,-0.00678705
-0.79404855,-0.002245612
-0.33674872,-0.16893849
0.43787983,-0.018209001
0.43787983,-0.018209001
-0.39756018,0.009311739
0.89105952,-0.035977554
0.61329162,0.062221471
0.58517432,0.068242185
0.52781838,-0.003314456
0.78574413,-0.049896829
0.41019449,0.012316254
0.37085041,-0.010465451
0.3270883,-0.010954836
0.19006723,-0.028275035
0.10637777,-0.003314456
-0.17294201,-0.13657993
0.60454035,-0.003314456
0.048925981,0.24396332
-0.39045864,-0.11217447
-1.031561,-0.003314456
-0.14608499,-0.087722123
-0.12755613,-0.10003468
-0.068576917,-0.003314456
0.30080286,0.010933875
0.17180377,-0.079811104
0.30782807,0.22943971
-0.63324416,0.22943971
0.75083196,0.25101617
0.29382592,-0.003314456
0.46998557,0.016462667
-0.20773152,-0.003314456
0.70284396,0.019871488
-0.86054504,-0.082799569
-0.39882231,-0.1655606
0.075502619,-0.1655606
-0.47788292,0.036084499
-0.26052728,-0.025511675
-1.1678494,-0.00883271
0.46400541,-0.003314456
-0.232719,-0.003314456
0.004387871,0.031515755
-0.57138664,0.16720977
-1.1330057,-0.003314456
-0.06885267,0.18501915
0.490275,-0.006747229
0.84862661,-0.006747229
0.21936436,-0.003314456
-0.21228045,-0.003314456
-1.8144308,-0.003314456
-0.16539332,-0.012733623
0.15028054,-0.03686649
0.21073422,-0.012039232
0.5854345,0.17645164
-0.11421941,-0.003314456
-0.19774202,-0.060501635
-0.76810807,-0.060501635
0.82895911,0.018989466
0.52921635,-0.45233265
-0.34644464,0.000850365
-0.43950742,-0.025162024
0.62005818,-0.003314456
-0.62393486,-0.003314456
0.30619782,-0.003314456
-0.15623589,0.057068408
-0.38352308,-0.033918448
0.032729976,-0.003254431
-0.56478739,-0.027261989
-0.23177283,-0.035677757
-1.0701389,-0.003314456
1.4871919,0.013137905
-0.33544877,-0.028935645
-0.16877848,-0.003314456
-1.5749326,-0.003314456
-0.21746561,-0.003314456
-0.52180594,-0.028269647
-0.33229768,-0.003314456
-0.5442372,-0.003314456
0.10451743,-0.003314456
0.44397837,0.047732502
0.16575637,0.054478735
-0.19175781,0.01608531
-0.28945452,0.002392592
-0.014434891,0.018633394
0.17647409,-0.030087575
0.00048158,-0.003314456
1.1289418,0.18592849
-0.017086657,-0.016741203
-0.53220063,-0.003314456
-0.55643594,0.015385651
-0.13455214,0.006683026
1.082329,0.008908626
0.41597733,-0.003314456
-0.67741734,0.10729659
-0.51662439,-0.091121294
-0.73859078,-0.003314456
0.16181637,-0.041415788
0.29785931,0.002597236
-0.10320447,-0.037853129
-0.14185682,-0.15361917
-0.5494023,-0.052811205
0.45809916,0.010171614
0.75772685,0.3426275
0.47240892,-0.015065534
0.36272517,-0.003314456
-0.043754559,-0.013240434
0.48244032,-0.061956286
0.062165439,-0.02116329
0.3965036,-0.05577527
-1.0054722,-0.026167976
-0.39288369,0.022892268
0.057897963,0.022682972
0.26129717,0.057361752
-0.94434607,0.12008806
0.84714234,0.014544049
0.33065662,0.022295343
0.46346849,0.011116227
0.75062472,0.14535886
0.19756918,-0.003314456
0.83107537,-0.007332665
-0.13511266,0.018509481
0.40580001,-0.30713305
0.34543052,-0.003314456
0.43461499,0.03254848
0.078963101,-0.003314456
0.64984339,0.080236495
-0.24333231,-0.024434064
0.46729136,-0.003314456
0.14252153,-0.003314456
0.59250909,0.001734179
-0.72376227,-0.090925097
0.78354228,-0.008936577
0.097350776,-0.15627396
-0.52616489,0.006406972
0.54329115,0.065223269
-0.076963089,0.11105549
0.033145964,-0.042658541
0.21487078,-0.003314456
-0.26362607,-0.13989778
0.041487452,-0.048223618
-0.36022061,-0.060561456
0.027166307,0.029359315
-0.068107225,0.069492161
-0.60604215,-0.003314456
0.60058159,0.18843065
0.71925038,-0.003314456
0.08403901,-0.003314456
-1.1583033,-0.043045547
0.12844889,-0.003314456
1.1191735,0.18144411
-0.2371992,-0.087247364
0.57192641,-0.02270712
0.10965178,0.051964279
-0.021221444,-0.006634903
0.60783851,-0.18561877
-0.55974483,-0.072666071
0.65340334,0.022243736
0.40066537,0.001752303
0.19415469,-0.093461893
0.083682694,-0.10909808
-0.41982505,0.093225941
-0.46545342,-0.06205504
-0.66335237,0.037890062
1.0465356,-0.30724943
-0.5149616,0.032446992
0.24159688,0.013369049
0.77309918,0.10368034
-0.19545606,-0.065357722
0.614811,-1.32823E-05
-0.81812471,0.061079718
1.0955205,0.001843224
1.1393385,-0.000552513
-0.72732639,-0.11498534
-0.2781224,-0.11498534
-0.1562987,-0.003314456
0.39065701,-0.015058932
0.30026388,-0.003314456
0.65097439,0.081158236
0.23302281,-0.14071061
-0.099901669,-0.003314456
0.68153858,0.07752762
0.31262755,-0.003314456
-0.056735609,-0.003314456
0.63341624,-0.1586943
0.76386309,0.081405282
0.13648781,-0.003314456
-0.42016348,0.026175367
0.18358804,-0.003314456
0.24430792,0.015393845
0.3678326,0.029891126
0.3678326,0.029891126
0.070236675,-0.11852879
0.33875942,0.031895742
0.93482327,0.014228053
0.21510947,0.049426191
0.14951172,-0.034987867
0.29661605,0.061875992
0.83406258,0.10945872
0.18732324,0.027387587
-0.3567411,-0.003314456
-0.003739025,0.021939607
1.0935282,0.13138375
0.59214169,-0.08490216
0.4316487,-0.08490216
-0.36472869,0.036762383
-0.39793089,0.002705897
0.35815582,-0.003314456
0.66196561,0.028745735
0.87760758,0.10242693
0.35296622,0.056437563
1.0049506,-0.05081223
0.19555905,-0.003314456
0.75135499,0.054852549
-0.30305818,-0.003314456
-0.092329457,-0.003314456
-0.50010478,-0.003314456
0.58730996,-0.003314456
0.11938803,0.26637807
-0.65756524,0.019881213
0.099064372,-0.020649428
-0.14138608,-0.16785181
0.17539734,-0.086253487
0.17896242,0.03700956
0.57533199,0.003386366
0.42469594,-0.094464317
-0.6794312,-0.012556778
-0.22222029,-0.003314456
0.49601588,0.049083766
0.23312749,0.11127374
-0.2807036,-0.11725153
0.40428174,0.01622095
-0.31934664,0.00415075
0.46611869,0.13304426
-0.20594509,-0.067014992
0.048941035,-0.020022403
0.51816624,-0.00229353
-0.43350887,-0.033674713
0.47257474,0.050363049
-0.069024764,0.00549515
0.2974467,0.076728098
0.87829363,0.12494428
0.18412898,-0.021798017
0.42465097,-0.009020744
0.51140362,0.14659783
-1.1785262,-0.003314456
-0.052306309,-0.003314456
0.86874783,-0.003314456
0.86725575,-0.34213278
-0.22884396,-0.02307339
0.49687663,0.081270494
0.39911029,-0.003314456
0.71181267,-0.003314456
-0.41733819,-0.035063535
-0.1994949,-0.12106538
0.42956129,0.11446257
-0.20945524,-0.003314456
0.00752078,-0.003314456
-0.68081641,-0.04569025
0.058282983,0.026866956
0.88712072,0.013249234
-0.040743671,-0.003314456
-0.57712936,-0.057414167
1.4800969,-0.083355516
-0.2970089,-0.016258679
-0.36829957,-0.04064703
-0.1241922,-0.003314456
-0.1241922,-0.003314456
-0.14779614,-0.042320065
0.51288545,0.030855671
0.14931363,0.009762976
-0.099276908,-0.015157815
-0.14598913,0.055749342
0.75952727,0.046673097
0.25278094,0.008824231
-0.25801647,-0.023574978
-0.55303383,-0.016758407
0.64085406,-0.003314456
0.53039014,-0.003314456
-0.77188218,-0.10769852
-0.11541386,0.027425554
0.23803815,-0.003314456
-0.29702812,-0.003314456
0.60588741,-0.01269555
0.56522888,-0.003314456
-0.23057188,-0.003314456
-0.036764916,-0.003314456
0.8367157,-0.096237913
0.15262297,0.019201817
0.65671998,0.053864002
2.8039072,-0.003314456
0.46670598,-0.003314456
1.6398245,-0.20011434
0.15823129,0.019312814
0.29615155,-0.001016113
0.67999172,-0.003314456
0.24467115,-0.001010377
-0.36068097,-0.03289824
0.24229276,-0.008438356
-0.3319518,-0.029543769
-0.065100074,-0.004975732
-0.029811848,0.026480053
-0.42218679,-0.003314456
0.71495926,-0.054129705
-0.28340954,-0.003314456
0.30916235,-0.003314456
0.5045715,-0.003314456
0.068752892,0.015257085
0.54232037,-0.003314456
0.06363412,0.018592915
0.44375551,-0.20749575
0.97444594,0.15233086
0.26838177,-0.003314456
-0.86492538,-0.10013992
-0.12344152,-0.003314456
0.76986295,0.003130289
-0.39306927,-0.018441899
-0.15642741,-0.003314456
-0.011055237,0.037019279
0.23421484,0.012273386
0.59403491,0.059314907
0.67276895,-0.018437875
-0.2377799,-0.014435663
-0.089391701,-0.014435663
-0.3803699,0.006164529
-0.99163538,-0.059390482
-0.64187336,0.12517843
-0.15112136,-0.021641687
-0.015493602,0.013588049
0.44441664,-0.080663927
0.65799737,-0.080663927
-0.013904743,0.053773209
-0.80855662,-0.003314456
-0.2168159,-0.008042838
-0.22225775,-0.003314456
-0.036415234,0.009868231
0.57639641,0.054548424
-0.1336727,0.01241432
-0.39043653,0.10934186
-0.53037643,-0.003314456
-0.55049205,0.12681903
-0.026184285,-0.003314456
0.13812776,0.005188795
-0.12758107,-0.045632463
0.32180998,-0.003314456
-0.37037653,0.047556255
-0.20694003,-0.03335458
0.63275713,-0.003314456
0.04275069,0.012293908
0.53219706,-0.003314456
0.28376922,0.089127108
0.23005904,-0.003314456
0.71996391,0.003889473
-0.28257075,0.09506464
0.45753145,0.007010521
-0.04242605,0.073834926
0.75637472,0.029290454
-0.69865,-0.029374383
-0.54677397,-0.003314456
-0.2131149,-0.35491884
-0.34899107,0.025498334
0.033989824,-0.013758967
0.037419826,-0.003755057
0.2762216,0.086804256
-0.25339571,-0.003314456
0.40200791,-0.028071776
-0.041964389,-0.003314456
0.24574506,-0.13939857
-0.5830847,-0.029036172
1.2818992,-0.003314456
0.29014975,-0.005993945
-0.28001782,-0.003314456
-0.19640003,0.016735576
0.33847085,-0.003314456
0.011465967,-0.003314456
0.12666038,0.085002325
-0.069316924,0.19705789
0.31024408,0.13091451
0.081728332,-0.003660051
0.88228422,0.021578448
-2.9844337,-0.003314456
0.091350466,0.015990162
0.23640411,-0.014042283
0.63824528,0.063774541
0.051811341,-0.009381887
0.88940543,-0.034782916
-0.44348481,-0.003314456
0.98115861,-0.007844713
0.81148547,-0.030014388
0.41693702,-0.003314456
0.24916855,-0.039891858
-0.044501029,-0.003314456
1.0833677,-0.003314456
-0.26323348,0.006826103
-0.32028651,0.003886825
0.18404591,-0.003314456
0.51491773,-0.046520747
0.67012078,-0.004271057
1.0294552,-0.046497636
-0.40802899,-0.003314456
1.355669,0.20682299
-0.47225028,-0.003314456
0.64443082,0.079187766
0.49005142,-0.003314456
0.4074699,-0.003314456
0.35576466,-0.0189841
0.57877904,0.16463719
0.93814504,-0.003314456
-0.2692965,-0.024514014
0.1428427,-0.014086469
-0.03392091,-0.003314456
0.51117873,-0.016498478
-0.48038948,-0.003314456
0.56651187,-0.003314456
-0.088968694,-0.003314456
0.20110001,-0.003314456
0.63230979,0.1559151
0.63230979,0.1559151
0.28901654,0.038295519
0.84165591,-0.003314456
0.52587718,-0.070343494
-0.48625746,-0.0019137
1.0855266,0.03817587
0.61556524,0.036110982
0.042718925,-0.003314456
1.2468212,-0.003314456
0.10563686,0.003390454
-2.9130404,-0.061515205
-0.23926128,0.050851163
0.77698785,0.040612709
0.21106124,-0.20290343
-0.013236077,-0.11830361
0.23102246,-0.017791426
0.75575829,-0.003314456
0.99802333,-0.003314456
-0.28666502,-0.003314456
0.03834486,0.053521052
0.41537946,-0.005924469
0.27894342,0.03350557
0.087113589,0.032828372
-0.062941991,-0.026970834
-0.16031876,-0.003314456
-0.065676048,0.010282346
0.67213881,-0.050288878
0.32485205,-0.003314456
-0.91079926,0.010851674
-0.76217997,0.010851674
0.75402689,-0.003314456
-0.16573787,0.01200903
0.07221844,-0.003314456
0.18499812,0.011309526
-0.67290473,-0.055113781
0.27148166,-0.003314456
0.28356415,-0.003314456
1.0857214,0.09943223
-0.017220337,0.003159927
-0.51791131,0.003159927
-0.19340582,0.037730757
-0.084466502,-0.083259754
-0.086359881,-0.083259754
0.4124136,-0.067953855
-0.48388571,-0.027504511
-0.26259115,-0.084207423
-0.37403518,0.008299205
0.030316709,-0.003314456
-0.49084517,0.031550787
0.11651099,-0.003314456
0.48554909,0.02281248
0.16388498,-0.003314456
0.28508282,-0.012840424
0.38923442,-0.003314456
0.40187755,0.11042284
0.58642906,-0.003314456
-0.024059763,-0.003314456
-0.23585817,-0.034858517
0.38662934,-0.060184166
0.42363384,0.049199574
-0.60569829,0.094608299
0.28787532,-0.000565236
0.72226942,0.007119866
0.46761486,0.009716379
-0.24490198,-0.003314456
0.84384793,-0.003314456
0.46059468,-0.003314456
0.45039341,-0.003314456
-0.065646306,-0.003314456
0.040936701,-0.003314456
0.60381049,0.01802074
0.093875483,-0.052151285
0.54209733,-0.044330858
-0.014084394,-0.003314456
0.14916453,-0.071714245
0.38228989,-0.003314456
0.5363043,-0.019898742
0.41787851,-0.019898742
-0.14725928,-0.003314456
-0.85893619,-0.003314456
0.85946721,-0.003314456
0.65723568,0.030409271
-0.31080896,-0.023148062
-0.34517193,-0.003314456
0.4034183,0.007516245
0.69438428,-0.014768845
0.067895703,-0.041288536
-0.25631592,-0.026094636
0.62597322,0.073958986
-0.76514494,-0.003314456
0.098927848,-0.003314456
0.36822048,0.04892287
0.93266565,0.066334926
-0.43425602,-0.01384687
-0.11149044,0.018645329
0.12786701,-0.003314456
0.056226578,0.024441198
-0.008766987,-0.003314456
0.18766138,-0.003314456
-0.3044782,-0.003314456
-0.39402676,-0.030063096
0.22552013,-0.003314456
0.5390017,-0.003314456
0.76107657,0.13369559
-0.36834246,-0.01079659
0.56137097,0.052118134
-1.1719985,-0.003314456
0.2681233,0.11457325
0.47452939,-0.021123637
0.47620818,-0.18075511
0.39294037,-0.003314456
-0.77720386,0.009778292
-0.17580785,-0.013301775
0.53170413,0.10639172
-0.37602133,0.098075002
0.16422425,-0.003314456
0.69503528,-0.003314456
0.34769693,0.025926476
0.17329438,-0.13930437
0.78995049,-0.003314456
0.41509181,0.052780844
0.58828789,0.060290843
-0.74369311,0.047053184
1.4946069,-0.14275143
0.33292192,0.000297153
0.40547684,-0.04703607
0.39287257,0.004930013
0.088070288,0.004534404
0.092716552,-0.003314456
0.98437589,-0.003314456
1.019642,0.10073325
0.98369569,0.10073325
-0.064753547,-0.11410718
0.57139277,-0.01637884
0.21962385,0.000407881
-0.41374627,-0.003314456
-0.2813032,-0.072152846
-0.2174308,-0.004738237
0.70726371,-0.003314456
2.3689091,0.065392748
0.53398371,0.060703732
0.20816936,-0.04372004
-0.04338773,-0.026922435
0.11803248,-0.097258143
0.114714,-0.003314456
0.5980981,0.0450163
0.49401581,0.081747361
0.49401581,0.081747361
0.36444932,0.015196261
1.0120425,-0.065521434
-0.41140175,-0.012311024
-0.52187377,-0.023742666
-0.51936543,-0.023387657
0.78212833,-0.003314456
-0.16888866,0.085356288
0.4714554,-0.003314456
1.3080543,0.08450368
0.025173191,-0.060814705
0.60462695,0.049572997
-0.094588272,0.004423316
-0.13506243,-0.020861894
-0.16734485,0.057020061
0.11632685,0.014443545
0.68200713,0.068611108
-0.31384593,-0.038850795
-0.1973525,-0.003314456
-0.17186633,-0.004035482
0.60570705,0.022437118
0.54878217,0.092944764
0.66953188,0.05773674
0.41704765,-0.003314456
-0.51410657,-0.003314456
-0.009506508,-0.003314456
-0.31536052,-0.003314456
-0.17792965,-0.003314456
0.54542482,0.008154005
0.22169341,-0.025790215
0.74528211,-0.003314456
0.54928827,0.024952693
0.42834213,0.11312842
-0.22437483,-0.017258387
1.3946439,-0.003314456
0.57987434,-0.01225667
0.24851371,-0.003314456
-0.39304578,0.062909052
0.28537765,-0.007343631
1.4610764,-0.003314456
-0.069883645,-0.01542807
-2.6346371,-0.018590778
-0.93583477,-0.018590778
0.033144262,-0.003314456
0.023906583,-0.003314456
-0.3559553,-0.095546812
0.37870345,-0.028318621
-0.35791945,0.011434495
-0.53621161,-0.082949102
-0.30296147,-0.10114066
-0.28487185,-0.10699654
0.31018132,-0.003314456
-0.43837416,0.008823902
0.28534585,0.044860996
-0.3522279,0.010326611
-0.13340746,0.010326611
-0.36869645,-0.003314456
-0.41361412,0.003791242
-0.53098249,-0.027071478
0.56681967,-0.003314456
0.50106025,-0.003314456
-0.079656281,0.037276924
0.30852592,-0.003314456
0.4598631,-0.003314456
0.13724224,-0.043013334
0.034002781,0.066351824
-2.4194577,-0.051394422
-2.2988884,0.027190827
-0.0563173,-0.015953565
-1.1391886,-0.091263078
0.55251563,-0.003314456
-0.19042388,-0.003314456
0.41054344,-0.088930316
0.15477316,-0.000288506
-0.61626661,-0.19527848
0.85530102,0.001138476
0.30127352,-0.018340791
0.46481404,0.029284319
-0.016043529,-0.039449845
-0.34858745,-0.092439234
0.49569139,0.10247915
0.48147845,-0.003314456
0.51409924,0.04669309
0.085478947,-0.003314456
-0.53646421,-0.003314456
0.59550494,0.040583611
0.53608102,0.006570936
0.66479772,-0.003314456
-0.11145236,-0.059088737
0.18433194,-0.11715122
0.26834089,0.0324127
0.23315157,0.00692762
0.39542481,0.005568958
0.27429518,0.005568958
0.83124119,0.078195438
-0.04272094,-0.001148653
0.47140127,-0.20411541
1.0623326,-0.003314456
0.7010262,-0.003314456
-0.31459653,-0.018181806
-0.63830358,0.16597138
-0.12089899,-0.078701355
-1.6649076,-0.003314456
0.40708005,-0.13698825
-0.39901531,0.003454215
0.17571093,-0.000370567
0.14035103,-0.048139889
-0.084458321,-0.054428879
0.641904,0.004235056
0.90020663,-0.10269328
0.85044187,-0.003314456
-0.31524989,-0.003314456
0.11014976,0.03058636
0.26359269,-0.039812069
0.090119675,-0.050058223
1.4433674,0.2004091
-0.10980047,-0.003314456
0.071614034,-0.003314456
-0.5506565,0.075871982
-0.33359414,-0.094026685
-0.66531599,-0.003314456
0.28451109,-0.076496303
-0.45225042,-0.003314456
0.29267758,0.085703127
0.5637989,0.10593273
-0.002368511,-0.003314456
0.72535038,0.009772238
0.24193192,-0.010643717
0.21585245,-0.003314456
-0.64063329,-0.19541025
0.062314052,-0.003314456
-0.16687375,0.17498085
0.040466972,-0.13796689
0.23841742,-0.057264108
-0.3241787,-0.004325781
-0.78643233,-0.019017437
-0.26136941,0.041856941
-0.39485088,-0.058609825
-0.017768085,0.047809169
0.54857159,-0.02742037
0.29086137,0.031584967
0.73336977,0.060858827
-0.47192496,0.12230998
0.16822897,-0.003314456
-0.51685548,-0.003314456
0.17246214,-0.003314456
0.18539834,-0.003314456
-0.16791895,-0.15652409
-0.098251976,-0.055515964
0.37270603,0.064775907
0.095449097,-0.003314456
-0.6922152,-0.003314456
0.10845359,-0.15588489
0.001106067,-0.003314456
-0.48162249,0.073319152
-0.12556866,-0.003314456
-0.13765226,-0.003314456
0.79243881,0.020748304
-0.29644039,0.011154729
-0.25553626,0.005093853
-0.26136282,-0.003314456
0.32861882,-0.003314456
0.29288909,0.093649238
0.082371034,-0.027651854
0.17014579,-0.075235628
-0.25760639,0.047571439
-0.21960209,-0.06049858
0.99999774,0.059358943
-0.68874544,-0.003314456
-0.55643535,-0.047127161
0.005790298,-0.014308187
1.178843,0.059355885
-1.0223691,-0.07371489
0.40772024,-0.003314456
0.18657929,-0.17776293
0.10528678,-0.003314456
0.30979624,0.054166026
0.57510215,-0.003314456
-0.18161233,-0.003314456
0.012467286,0.11221261
0.089103669,0.11221261
-0.007071092,-0.003314456
-0.18911491,0.037212774
-0.5765506,-0.003314456
0.52763808,-0.003924471
0.22878651,-0.003314456
0.20626867,-0.028867427
0.50667697,-0.003314456
0.12445483,-0.003314456
1.0163441,-0.003314456
-0.83860028,-0.058312129
0.023554841,-0.090097509
0.9867956,0.06598819
0.96208471,-0.003314456
-0.55765283,0.16728777
0.63171303,-0.15242821
0.52701473,0.11487166
0.87661117,0.14161047
0.20744585,-0.082750447
-0.005916596,-0.4202618
-0.24593589,0.001034155
-0.21047276,-0.031211281
0.28049752,-0.083127998
-0.10745957,-0.042190772
0.64232832,0.022635503
-0.41861928,0.13276041
-0.15503399,0.050419535
-0.049354736,-0.02051245
0.021391872,0.012608175
0.75822246,-0.003314456
0.66503698,0.083215281
-0.53219002,-0.003314456
0.82312822,0.015509201
0.27280459,0.10160521
0.64782202,-0.003314456
0.014045175,-0.39077175
-0.14020658,-0.01983129
0.28200912,0.011653393
0.49044052,0.002632961
-0.11331863,-0.002686592
-0.20641486,0.13768813
-0.04494242,0.062551022
1.1473787,-0.003314456
0.17420936,-0.003314456
1.4721026,-0.17880136
0.3896614,-0.090726674
0.020123372,0.057523649
0.005011959,-0.2085115
-0.69939959,-0.054228544
-0.093126066,-0.054228544
-0.75882602,-0.003314456
-0.38903645,0.007362831
-0.42526248,-0.055723947
-0.088100493,-0.013354937
0.076845042,-0.003314456
0.60342705,-0.003314456
0.031399395,-0.04075313
0.34062269,-0.003314456
-0.4253197,-0.003314456
0.03892421,0.031941496
-0.15985447,-0.067886196
1.5264091,0.092067443
0.14865066,-0.023151247
0.019780278,-0.003314456
0.15365331,0.006521602
0.015721936,-0.001901407
-0.12989609,0.043493107
-0.62451863,-0.003314456
-0.028134117,-0.003314456
-0.50309855,-0.003555983
0.55278689,-0.003314456
-0.9073419,0.027518315
0.50737214,-0.003314456
0.57369727,0.018925836
-0.2844874,-0.00672915
-0.44452241,-0.022641715
0.60803765,-0.007788152
0.014149969,-0.003314456
-1.5171784,-0.043395616
0.21815968,-0.003314456
0.11163945,-0.003314456
0.22151881,0.002276236
0.31617418,-0.01267334
-0.52195442,0.084448799
-0.066762544,-0.014034501
-0.097941004,0.030161696
-0.11493885,-0.037795939
0.25765991,0.026123593
0.54785156,-0.003314456
-0.2302646,-0.005381696
-0.14460661,-0.009035748
0.13493742,0.048654515
0.44897968,-0.017479565
0.016194841,-0.038370281
0.62250304,-0.003314456
0.30338815,-0.037198301
1.122588,0.078561112
0.49134681,-0.003314456
0.33574444,0.018835135
0.64224458,-0.014872252
0.57021773,-0.003314456
-0.58874708,0.004853399
-0.20906404,-0.003314456
0.37792715,-0.003314456
0.076424427,-0.024157362
-0.20333396,0.093106247
-1.0060301,-0.2639955
-0.054441594,-0.042668168
0.47683749,-0.003314456
2.7111802,-0.003314456
0.75472027,-0.003314456
0.36842793,0.038400128
-0.42623174,-0.003314456
0.31404379,-0.092124924
-0.48122957,-0.003314456
0.15485999,-0.010447056
-0.098496176,0.01340133
-0.30477974,-0.20078368
0.81295395,-0.003314456
-0.28320771,-0.003314456
-0.91969407,-0.003314456
0.050584663,-0.59531254
0.83408618,0.01421518
0.43476513,-0.027799249
0.4822166,0.008682984
0.65769744,-0.003314456
-0.79842341,-0.031630881
1.2866867,-0.003314456
0.58989072,0.1411874
0.88599205,0.11402458
-0.030205267,-0.056812678
0.47762796,0.036876883
0.71751469,0.31143647
0.57324016,0.056496624
0.25591558,-0.018201627
-0.11358538,-0.083336651
-0.76016122,0.10048364
0.37510872,-0.025963241
-0.38320342,-0.016016252
0.59052861,0.065982722
-0.45622358,-0.049364246
0.32137918,-0.12527421
0.28911626,0.011660449
0.06396658,0.031195343
-0.59074396,0.029144408
0.15854248,0.055468075
0.24747096,0.071355961
0.78092456,-0.003314456
0.95857632,0.070499733
-0.26623815,-0.036742497
0.33132058,-0.62487549
-0.28967774,0.021095712
-0.26516083,0.046230614
0.32203302,0.012541486
0.99083954,-0.012960775
-0.1983628,-0.04570983
0.55291665,0.013550442
0.11025593,-0.29713088
-0.13159561,0.023737701
0.1166389,-0.018790385
-0.15149356,-0.009981765
-0.251647,0.046344634
0.50201154,0.054757621
0.55489427,-0.035559263
0.52884537,-0.035559263
0.47767723,-0.007468516
0.9254775,0.052839473
-0.39964387,-0.003314456
-0.10977165,-0.13551581
-0.083602108,0.017955191
-0.43779016,-0.039688732
-0.82880849,-0.003512195
0.19485886,0.12754552
0.24217986,-0.013967667
-0.28007695,-0.003314456
0.72459602,0.13639517
0.88661563,-0.13254112
-0.19021255,-0.03173041
0.41768339,-0.003314456
-0.37353933,-0.003314456
-0.14229847,-0.11541995
0.91116935,0.056487069
0.23321152,-0.08110112
0.89503741,-0.003314456
-0.53889,-0.036062926
-0.34989193,-0.040665414
0.3590124,0.034578428
0.017101178,-0.025688175
0.15997817,-0.003314456
0.66676301,0.087119691
0.33652648,0.072759517
-0.48092324,0.012899048
0.52594638,0.078457318
0.31957331,-0.003314456
-0.33221895,0.020311864
0.3384867,0.071102858
0.22154349,-0.018625993
0.53450298,-0.003314456
0.095235541,0.068792298
0.062999777,-0.028981645
0.58778155,0.10401953
0.90753937,0.10493523
0.57091039,0.015982915
0.44887325,0.015982915
-0.7243275,-0.003314456
0.25874034,-0.008156982
0.62955451,-0.003314456
0.48132053,0.091268256
-0.19944052,-0.024230221
-0.63610119,-0.003314456
0.6147005,0.033733077
-0.033816688,-0.050478883
-0.35185441,-0.071963541
-0.3360002,-0.003314456
0.073844627,0.10295765
-0.10174607,-0.016719198
-0.06012686,-0.067514785
0.40954208,0.004938668
0.14625964,0.036552798
0.34767547,-0.003314456
0.35080877,-0.003314456
0.6140753,-0.003314456
-0.70436931,-0.003314456
0.25197265,-0.003314456
0.59253019,-0.003314456
0.40625361,-0.003314456
0.80363202,-0.003314456
0.5378809,-0.003314456
0.3435421,0.098925918
-0.71114874,0.004021419
0.1681802,0.1087454
0.89210266,-0.003314456
-0.38770112,-0.015137675
-0.072281055,-0.052963898
0.64967883,0.067160785
0.35190961,0.042861193
0.40909657,-0.029248681
-0.29309666,-0.080862321
-0.74825102,0.017279845
-0.62512946,-0.024604315
-0.43437767,0.064483285
0.29083493,-0.003314456
0.8820554,0.055536889
0.09984199,-0.003314456
0.12490509,0.023264434
-0.31775016,-0.003314456
0.16149959,-0.000411754
-0.07080207,0.003329734
-0.27663177,-0.000283084
0.2245061,-0.056015853
0.62508976,-0.04654669
0.58254534,0.025953598
0.38456738,-0.07525447
-0.2024253,-0.04752754
0.42324069,-0.003314456
0.61524421,-0.018102637
-0.080946311,-0.037713237
0.11670551,-0.003314456
-0.21760446,-0.041041009
0.31064898,0.008670979
0.49689654,-0.004279247
-0.27850667,0.030330351
0.18930297,-0.003314456
-0.5480507,-0.010682589
-0.28324759,-0.003314456
-0.40599746,-0.071109407
1.4535986,-0.003314456
-0.40380603,-0.003314456
1.0168123,-0.003314456
-0.17839207,-0.003314456
0.51695496,0.12362678
0.35238609,-0.024698637
0.40421414,-0.024698637
-0.29076526,-0.003314456
0.28874815,-0.003314456
0.15170407,-0.003314456
0.37640339,-0.003314456
-0.35932517,-0.025912721
0.46536884,0.043413773
0.094936498,-0.003314456
0.12613924,0.068631783
0.80401105,-0.003314456
-0.14018619,-0.000721396
-0.26617566,-0.003314456
0.041357812,-0.003314456
-0.38060969,-0.060364071
0.06590502,-0.003314456
-2.602164,-0.003314456
-0.48823482,-0.003314456
0.74640602,-0.006016119
-0.30340981,-0.003314456
0.5779984,0.054802641
0.011718999,-0.003314456
0.27770188,-0.003314456
-0.45709336,-0.003314456
0.016424198,-0.003314456
-0.061932229,-0.082092576
0.47153267,-0.003314456
0.51448286,-0.093448758
-0.23074999,-0.05472146
-0.58218968,-0.003314456
0.37099546,0.013548432
0.17424929,0.013548432
-0.23674518,0.062999919
-0.44385272,-0.01924436
-1.1759499,-0.003314456
0.82857072,-0.001991108
-0.21560107,0.015481511
-0.42610747,-0.003314456
-0.11307102,-0.003314456
-0.18980843,-0.003314456
0.54758322,0.080454655
0.71789831,0.01189887
-0.44075629,-0.024634877
-0.1211524,-0.024634877
-0.066463977,0.11805418
0.27393323,0.000804052
0.4593606,0.002427603
0.32438493,0.018064581
0.44071484,-0.029111842
0.091744766,0.11001788
-0.11043417,-0.003314456
0.18181305,0.068010814
0.61978561,-0.003314456
-0.090693653,0.041552458
-0.32495123,-0.003314456
-0.44262066,-0.003314456
0.090493731,-0.12006865
-0.16546881,-0.036197081
-0.24948291,-0.003314456
-0.15573135,0.090895638
0.33824971,0.027286885
0.51169181,-0.003314456
-0.53502637,-0.029999858
0.68006247,0.12827742
-0.36533728,0.000652231
0.12905349,-0.0340272
-0.24336201,-0.003314456
-0.12431683,-0.003314456
-1.2134793,-0.003314456
-0.16602279,-0.003314456
-0.15492241,-0.2094872
0.085322455,0.005758744
-0.59406424,0.004530188
0.40488505,0.020037992
0.39989537,0.01471375
0.26613507,0.01471375
0.030292386,0.10792968
-0.43244901,-0.003314456
0.061654948,-0.009606566
0.12504598,-0.033761494
-0.1174117,0.005861417
-0.34665957,0.034655031
-0.032916985,-0.003314456
0.63480335,-0.003314456
-0.074569732,-0.040830538
0.73714733,0.094995871
1.0512029,0.035152938
-0.20536993,0.001638123
0.67581314,0.055469505
0.23018757,0.047672667
0.58952659,-0.003314456
-0.11426099,-0.023779824
0.038056333,0.082611568
-0.041971575,-0.015061634
0.055612534,0.006748769
-0.71903241,-0.003314456
0.34505516,0.023886077
-0.067866646,-0.045456212
-0.09128046,0.026797604
-0.29974979,-0.003314456
-0.35974905,-0.049610812
0.16381726,-0.049610812
-0.41615447,-0.048773896
0.13731524,0.039473802
0.33404735,-0.007745169
-0.084919594,0.10146068
-0.26011923,-0.009345252
-0.21106239,0.12591384
-0.080413423,-0.003314456
0.77513295,-0.035703804
0.97268486,-0.035703804
0.15634319,0.062631883
1.3253825,0.055289846
-0.3624233,-0.079619445
0.14187178,-0.003314456
-0.67444408,-0.003314456
-0.27544278,-0.003314456
0.29720289,0.066970572
0.56644785,-0.048965603
0.62800711,0.062352914
0.32054445,0.039282292
0.23804596,0.071627155
0.26732197,0.073872507
-0.24789366,-0.003314456
0.41185883,0.00261363
0.48924056,-0.020765278
-0.095007159,0.078156196
1.115921,-0.003314456
0.15526527,-0.003314456
0.026209388,-0.085089311
0.71302259,0.12213621
-0.29820591,-0.003314456
-1.2529625,-0.003314456
0.83397937,0.009898945
0.35404071,0.041784476
0.61058784,-0.42026481
0.65845674,0.18142374
0.29607546,-0.003314456
-0.16502258,-0.046650756
-0.20110543,-0.012963752
-0.49931163,-0.003314456
-0.2576229,-0.003314456
-0.049365405,0.036286581
-0.1816718,-0.003314456
0.055117983,-0.039917581
0.54946393,-0.003314456
0.84885013,0.016282775
0.52804053,0.039724078
0.14287099,-0.007009413
0.46587601,0.043689728
0.77332169,0.090619311
-1.305897,-0.003314456
-0.51258552,0.032729935
-0.039707556,-0.018294929
-1.1966844,-0.003314456
-0.50082284,-0.003314456
0.44458607,-0.003314456
-0.33396843,0.008199439
0.39517617,-0.048022997
-2.1281147,-0.003314456
0.59686321,0.022775235
0.39037007,-0.003314456
-0.066291936,-0.003314456
-0.35704282,0.053093806
-0.16492027,-0.003314456
0.96999788,0.087174371
0.016217919,-0.038146239
-0.009812295,-0.003314456
1.2872627,0.15160464
-0.58808738,-0.040529672
0.72226912,0.12296407
-0.31015372,0.075087726
0.14372408,0.0554257
-0.018419361,0.020841764
-0.14196481,0.020841764
1.0082743,-0.003314456
0.73242927,-0.003314456
0.25322393,-0.003314456
0.64282638,-0.003314456
0.045856554,0.000210203
0.40612814,-0.003314456
-0.067047611,-0.099771917
1.0073397,0.15489247
0.49068388,-0.003314456
-0.10434898,-0.003314456
0.71786481,0.19497994
-1.0127735,0.011874795
-0.50184232,-0.035279382
-0.43852499,-0.035279382
0.24099948,-0.074671857
0.10881767,-0.002985195
0.12498866,-0.089173846
0.44567794,-0.003314456
-0.65617955,0.05293107
-1.3609662,-0.366979
0.5128383,0.071682177
0.15828496,-0.0192449
-0.30084649,-0.066462085
0.64180505,-0.003314456
0.64180505,-0.003314456
0.03727667,-0.044891663
0.32687595,-0.033494588
1.5989586,-0.011794995
0.15228952,-0.003314456
-0.024080513,-0.003314456
0.61380374,0.096530184
0.98413432,-0.003314456
0.73662341,0.073011607
-1.1940775,-0.003314456
0.84102529,0.063762188
-0.036550656,-0.1102495
-0.37450445,-0.10991225
0.41717333,-0.043019723
-0.40214276,-0.10498169
0.1826078,-0.050059624
0.82151794,0.035485029
-0.22261566,0.064764559
0.04578089,-0.003314456
0.86837047,-0.003314456
0.98915249,0.025254069
-0.72364694,-0.009311659
-2.258374,-0.003314456
0.5370217,-0.006722034
0.5879519,-0.003314456
0.38789809,0.004097725
-0.44159433,0.005163761
-1.6026797,0.13562892
-0.15840061,-0.003314456
0.26509887,-0.003314456
0.16075318,-0.031316843
-0.12133233,-0.020497138
-0.13046217,-0.003314456
-0.16750018,-0.003314456
0.037703309,-0.003314456
0.49350187,0.026512463
0.82238746,-0.003314456
-1.1399205,-0.003314456
-0.31807044,-0.003314456
-0.065739475,-0.057469506
-0.49834001,-0.003314456
-0.38353381,0.006780288
-0.089520328,-0.046478413
0.23986325,-0.019325944
0.1180424,0.018676516
-0.7144087,-0.003314456
-1.5614967,-0.068970621
0.56107908,0.038714413
0.67660892,0.08458215
0.53218532,0.010190942
0.019472649,-0.10126921
1.6491274,-0.003314456
-0.57113355,-0.047406841
0.49626034,-0.003314456
-0.83106679,-0.003314456
-0.17282467,-0.003314456
0.033001374,0.012732592
0.40256104,0.054849934
1.213443,-0.084362142
0.48972768,0.020973319
0.36938068,-0.003314456
1.0515537,-0.014309374
-0.007894035,-0.003314456
0.040675059,-0.075111732
0.62243176,0.003959124
0.29848093,-0.003314456
-0.13858566,-0.10050372
0.36957845,-0.020761931
-0.44934359,-0.003314456
-0.3210555,-0.017019201
0.33538583,-0.003314456
0.46701756,-0.003314456
0.80123204,0.038943987
0.26431397,-0.003314456
0.72494149,-0.003314456
-0.84511858,-0.003314456
0.61777359,-0.003314456
0.63185769,0.057983328
0.054456189,-0.058883447
-0.74917424,0.041634474
-0.43022174,-0.011163177
1.1456207,-0.022188548
-1.0530202,-0.003314456
0.65753931,0.01760128
0.40559152,-0.003622325
0.29161829,-0.001837183
-0.059524417,-0.003314456
0.49200371,-0.012881734
0.23268934,0.2856999
-0.82758659,-0.084315352
-0.82758659,-0.084315352
0.62440664,-0.13323106
-0.062024262,-0.02575683
-0.089522265,-0.028083425
-0.016092382,-0.003277829
-0.49761015,-0.21886005
0.80553842,0.00858595
0.10609382,0.040499575
0.44208002,0.021931145
0.60728961,0.009904285
0.49427468,-0.13989374
0.1232077,-0.056329854
0.29196137,0.018813957
0.84609491,0.045334451
-0.027233066,-0.032012299
0.48146868,-0.031394027
0.4537189,-0.006600932
-1.6944575,-0.075521767
-0.12939666,-0.075521767
-0.31873059,-0.12046296
0.91626102,0.051862232
-0.020019354,0.058364257
0.43337631,0.07210438
0.093477219,0.068693385
0.36176816,0.09000878
-0.67274386,-0.003314456
-0.10471704,-0.080140077
-0.045354486,-0.065664865
-0.20026164,-0.20347866
0.25626439,-0.016495878
-0.050592128,0.13360487
0.52864856,0.085838407
0.85690546,0.11486604
0.23300079,-0.039036062
0.58279628,0.050131816
-0.034692269,-0.075041547
0.89615488,0.025393525
0.41250053,0.045379009
0.46244097,0.048527773
0.51127952,-0.01310805
-0.25966176,-0.003314456
-0.35409331,-0.007223326
0.14956467,0.011624963
0.83089399,-0.003314456
-0.091903277,0.12168676
0.61731559,0.036671072
-0.8963058,-0.032865621
0.19391911,0.00232762
-0.29989973,-0.00496155
-0.13202395,0.003716425
0.29938897,0.011379274
0.40152788,0.039273556
0.87501734,0.091939725
0.44153425,-0.043581568
-0.25131336,-0.003314456
0.17758463,-0.045275737
-0.46394312,0.06741865
-0.22731821,-0.003314456
0.17109615,0.045143075
1.456476,-0.005205872
0.218712,-0.003314456
0.33220637,0.009708311
0.59282982,0.12920456
0.5990122,0.050792363
0.040690616,-0.013877789
0.43862063,0.053764876
0.21581958,-0.003314456
0.65445393,0.033919785
0.14953265,0.008148878
0.098121271,-0.005025974
-0.62279707,0.089154683
0.21846861,-0.003314456
1.0029571,0.1134525
0.66808248,0.070239104
0.67389947,0.076278709
0.18992612,0.017977059
0.64486349,0.005029648
0.026137637,-0.035906389
0.83277124,-0.003314456
-0.19371891,0.03545877
0.19716755,0.028022563
0.73459101,-0.003314456
-0.36180851,-0.003314456
-0.067201652,-0.003314456
1.1644945,0.13706042
0.040797655,-0.003314456
0.4695895,-0.003314456
0.52105612,0.037540298
0.27670643,-0.003314456
-1.077824,-0.003314456
0.53900194,-0.003314456
0.25797701,-0.003314456
-0.59351021,-0.003314456
0.24761975,-0.012631973
1.4053977,0.19728337
1.4053977,0.19728337
0.34464633,-0.37063313
1.621295,0.042809248
0.06391979,-0.028591556
0.34312186,0.003215266
1.076959,0.1403832
0.97091973,0.10400514
0.40666741,-0.019725138
0.48597002,0.11995876
-0.14578037,-0.007465673
-0.65071887,-0.003314456
-0.1046591,-0.00793191
0.088123858,-0.003314456
-0.13772422,-0.039422605
0.47236931,0.06332802
0.4586021,0.080242865
-0.022431502,-0.028555138
-0.44734681,-0.003314456
0.8152374,-0.011118176
-0.73975533,-0.003314456
-0.077996656,-0.010400782
0.11385808,0.006658875
0.31623396,-0.016544536
0.47224778,-0.003314456
-0.20203274,-0.073733434
-0.55726558,0.059037562
-0.15760107,-0.003314456
-1.5900551,-0.003314456
-2.4313941,-0.003314456
-0.51151991,-0.11978923
-0.27917305,-0.027024133
-0.92997372,0.063467048
0.049799968,0.07477887
0.95406187,0.024251018
-0.39091536,-0.11372533
1.1040678,-0.084826246
0.22510704,-0.013853519
-1.769672,-0.039761327
-0.33984721,0.00548817
0.020783616,-0.04615983
-0.28217033,-0.003314456
0.50149441,-0.003314456
0.9240734,-0.067358583
-0.60083783,-0.003314456
-0.60907894,-0.082084805
-0.56466818,-0.082084805
-1.0303982,0.027904719
-1.2586951,0.027904719
-0.12331887,0.007349435
0.25206169,-0.030984184
0.17101941,-0.055263232
0.034133244,0.07843177
-0.74218589,-0.003314456
0.0151095,-0.007769717
0.36433557,0.11146366
0.79247195,-0.003314456
0.53514439,0.038705714
0.42056715,0.038705714
-2.0074909,0.14993162
-0.34562802,-0.054667644
-0.5539133,-0.003314456
-0.52463728,-0.003314456
-0.1618872,-0.003314456
0.23068929,-0.15983109
-0.30937394,-0.023897532
0.78398603,0.013482225
1.3151778,-0.003314456
-0.084654689,-0.003314456
-0.31322438,-0.004023999
0.16568251,-0.11857958
-0.22489838,-0.003314456
0.32202622,0.023299513
0.17917632,0.0342611
0.69540375,0.027050728
0.33731645,0.012148227
0.24617724,-0.19654486
-0.047503535,-0.008615496
0.47301409,-0.003314456
0.95015007,0.08432287
-0.60730177,-0.003314456
0.17987879,0.030908007
-0.4013657,0.060584996
-0.062933624,-0.003314456
0.23141421,-0.15851207
-0.32675937,-0.003314456
0.11029263,-0.22707157
1.0401313,0.02307005
1.1100842,0.02307005
-0.010143831,-0.003314456
1.2615373,0.16978726
0.27508116,0.073946595
0.52600151,0.013503888
0.086192377,-0.027725715
0.072953619,-0.003314456
1.3993583,-0.003314456
-0.16513041,-0.10841615
0.26015717,-0.003314456
0.60600376,-0.003314456
-0.16876598,-0.003314456
-0.89664596,-0.12491474
0.19212011,-0.12491474
-0.89664596,-0.12491474
0.19212011,-0.12491474
0.47795573,0.049166556
-0.042930834,-0.040162075
0.016413953,-0.013509853
-0.66413981,-0.12227421
-0.11832299,0.060454875
0.31416073,0.021744529
0.38047436,0.095063448
-0.64664769,0.058386065
0.10176865,-0.003314456
0.30867809,0.013745889
-0.19576998,-0.003314456
0.075080656,-0.031177342
0.22227065,-0.24751087
-0.63989294,-0.040512338
0.70121211,-0.003314456
0.74112511,-0.003314456
0.2547304,-0.003314456
0.078185111,-0.003314456
-0.45571485,-0.005868845
0.084778473,-0.003314456
1.142435,-0.003314456
0.48665383,-0.003314456
-0.19723423,-0.003314456
0.31609964,0.10774718
-1.070401,-0.003314456
0.36156613,0.036474664
0.47965658,0.072135195
0.35735875,0.065791465
-0.009878287,0.047204692
-0.17647283,-0.003314456
0.18920869,0.10959192
-0.49578252,-0.2212915
0.5072993,-0.003314456
-0.001862691,0.28952077
-0.37041247,-0.13539024
0.027605105,-0.003314456
-0.43665043,-0.071528509
0.22713916,0.022063361
0.22713916,0.022063361
0.092791617,-0.045726314
0.11049774,-0.045726314
-0.35062987,-0.046448853
0.57225835,0.041276831
-0.056277994,0.016481999
-2.3838284,0.029655488
-1.0845134,-0.003314456
-0.84677207,-0.003314456
-0.62566143,0.008855811
-1.5733923,-0.003314456
0.14337592,-0.003314456
0.084290817,-0.003314456
0.000823084,-0.13215303
0.22890887,0.011669432
0.054406919,-0.003314456
0.075834729,-0.003314456
0.79905909,0.00823336
0.87387967,-0.003314456
0.90537065,-0.003314456
-0.27764425,-0.018390775
-0.30514225,-0.018524986
0.3950865,0.015508812
0.14597909,0.099913664
-1.0492198,0.009393029
0.43088388,0.1084847
0.79516369,-0.003314456
-0.14538117,-0.046797965
-0.11332901,-0.11646194
0.50503689,-0.003314456
0.013310385,0.007774743
0.037374225,0.086246051
-0.17519598,0.00462116
0.96626419,0.013209572
0.61219698,0.068035558
0.99236244,-0.037619784
-0.56093562,-0.003314456
-0.23658912,-0.016272863
-0.21953326,-0.003314456
-0.12346363,-0.036308918
-0.020950004,-0.003314456
-0.014042098,0.083606467
-0.042886183,-0.009186098
-0.73139006,-0.003314456
0.32272172,-0.002158656
1.0091882,0.052730191
0.92353016,0.036968928
-0.12207338,-0.003314456
0.27578536,-0.003314456
0.77838808,-0.003314456
-0.63816261,-0.003314456
0.034302559,-0.015272141
0.50937933,0.12883838
0.38562557,0.12883838
0.65300977,0.089585543
-0.2197993,-0.006208452
-0.10321426,-0.006208452
-0.047347851,-0.025512626
0.87316692,0.01010788
0.18357863,-0.003314456
-0.044210128,-0.003314456
0.42318517,-0.003314456
2.6716299,-0.26982686
1.327599,-0.003314456
-0.41062674,-0.003314456
1.0402001,0.052211124
-0.045086492,0.048410174
0.20480309,0.015890414
-0.35815012,-0.003314456
-0.39293098,-0.003314456
-0.004173359,0.10035405
0.33344868,0.020985603
0.77446359,-0.034868523
0.7005744,-0.056258265
0.73570752,-0.056258265
0.16991809,-0.055482239
-0.057657123,-0.003314456
0.31113884,0.04248032
0.31113884,0.04248032
0.85932505,0.035671405
-0.26130202,-0.068871021
0.15705608,0.1102628
0.27206925,-0.003314456
-0.17668575,-0.003314456
-0.32519257,-0.003314456
-0.035189126,-0.048241504
0.18452191,-0.000131134
0.441719,-0.052717961
0.17822847,0.069607243
0.38885644,-0.074288458
-0.73745972,0.027043082
0.65074563,-0.052628204
0.002498472,-0.077901691
0.37437415,-0.077901691
-0.13344014,-0.077101454
-0.26784855,-0.077101454
-0.074826151,0.022414396
0.25776222,0.049844943
-0.38033843,-0.003314456
-0.23133892,0.021591134
-0.23133892,0.021591134
0.70250481,-0.003314456
-0.27229989,-0.003314456
-0.339542,0.033071056
0.59583133,-0.003314456
0.92851198,-0.003314456
0.29481158,-0.003314456
0.53333974,-0.013893642
0.7731868,0.066202581
0.12022179,-0.096342728
-1.2251487,0.000550144
0.097071543,0.052942015
-0.27068138,-0.12815933
0.049556036,-0.003314456
0.41720721,0.17046314
0.44546664,-0.027570114
0.68305159,-0.002882985
0.33911663,-0.13919485
1.002012,0.094375759
0.30278435,0.094375759
0.61556739,-0.06273362
0.42537114,-0.025137587
0.64841795,-0.003314456
-0.31470662,-0.039142344
-0.30258596,0.024230788
0.44847476,-0.003314456
0.25449315,-0.003314456
0.60554236,0.038112782
-1.4700277,-0.003314456
0.13775589,-0.003314456
-0.80920583,-0.015295304
0.37672254,0.03149689
0.01308037,-0.005065669
0.5136317,0.039045084
0.064284734,0.022306152
0.30208391,-0.003314456
0.2682488,0.022235712
0.99161857,-0.003314456
-0.32383439,0.042142194
0.53689104,0.02914246
-0.11235151,-0.082384102
1.0006464,0.2609354
0.49295828,0.083819509
0.50321442,0.050121702
-0.30329895,-0.079115875
0.40539101,0.075927205
1.034974,0.1092895
0.14739673,-0.076915093
0.66249847,-0.015061362
0.060569059,-0.003314456
0.1917292,0.010440039
-1.2494831,0.087026559
-0.3347533,-0.003314456
-0.22214207,0.062204055
-0.75931662,0.004459402
0.29289281,0.083101928
0.01814067,-0.027715292
0.032918077,0.10184481
0.35934648,-0.041463397
0.22446516,-0.003314456
0.51167494,-0.023904776
-0.15561596,-0.041888159
0.11807079,-0.041888159
-0.058770146,-0.000739331
-0.83490193,0.010962521
1.1743639,0.034661394
0.34470269,-0.046779729
0.20308909,0.009497178
0.37825882,0.11254963
-0.24579845,0.15151669
1.578652,0.18620428
0.096416123,-0.003314456
-0.3080824,-0.041108608
-0.1451367,-0.0301512
0.53983742,-0.083083332
0.35534254,-0.00847406
0.76510668,-0.17402285
-0.42831263,-0.016377425
0.33864924,-0.10251927
-0.75247788,-0.028225232
0.95352018,0.006277456
0.28764623,-0.003314456
-0.47322661,-0.003314456
-9.8139486,-0.003314456
-0.23930553,-0.0500324
-0.51020992,-0.07600785
-0.29613239,-0.0134556
0.18300477,-0.003314456
1.4516505,-0.003314456
0.22929852,0.059230465
0.5960601,0.04679583
0.18496647,0.074514188
-1.3755808,-0.080222733
0.67058039,-0.004141969
0.23872845,-0.014865329
0.14956206,-0.006382425
-0.29352224,0.033152729
0.37244928,0.002431928
0.39628151,0.016565466
0.6333918,-0.16205445
-0.50588912,0.013433278
0.21192665,-0.030091695
-0.24735525,-0.003314456
0.00680606,-0.003314456
-0.69675159,0.007469326
-0.18466559,0.067179039
0.4964757,0.094600379
0.4195106,0.16159999
-0.55542827,0.16335322
-0.20467022,0.052844089
-0.22875682,-0.19083521
0.36726341,0.028632574
-0.25553656,-0.018456396
-0.11734147,-0.003314456
0.009381319,0.008938267
-0.37123179,-0.003314456
-1.1916305,0.005925891
4.6344633,0.036852643
-0.66474277,-0.091310903
0.036724366,-0.003997827
-0.16067953,-0.007220329
-0.36436075,-0.003314456
-0.62887436,-0.052862685
0.13232593,-0.02146866
-1.4277192,-0.003314456
0.94643545,-0.003314456
-0.048353165,-0.037065387
0.23901114,0.095929906
0.23552498,0.039517187
0.79049939,-0.003314456
0.36501837,-0.044623893
0.39121854,0.017499972
0.33207461,0.04773083
0.072651081,0.009719229
-0.038179778,-0.21225466
-0.21800086,-0.16611631
-0.008384734,0.10391812
0.62116158,-0.001270916
-0.24875382,0.00044961
-0.1618634,-0.081109568
0.63866198,-0.003314456
0.093712062,0.093938872
0.24583955,0.021087803
0.29134467,-0.003314456
-0.41921613,-0.005478723
0.79688156,0.057324518
0.19066197,0.064826466
0.28619409,-0.021498175
-0.32933342,-0.010098301
0.43762991,0.095214047
0.020996938,-0.023743641
0.038128976,0.089981563
-0.000445785,0.012046023
-0.28720856,-0.007047804
0.67946571,-0.003314456
-0.1110516,-0.014133178
0.012966649,-0.02227761
0.01436456,-0.003314456
-1.3286889,0.099513151
-1.2182168,-0.025845367
-0.23716649,-0.17240362
0.79250568,0.16270554
0.27252808,0.16270554
0.17670257,-0.003314456
0.73271078,0.02054815
-0.0054703,0.024646651
0.17931916,-0.032134466
0.433938,-0.032134466
0.13686699,-0.058491886
0.96373403,0.061516587
0.018558135,0.041993141
0.26768169,-0.027236702
0.32569677,0.005648804
0.19786005,0.013479156
0.10248991,0.01243122
0.20226054,-0.003314456
0.77566409,0.054780401
0.64680856,0.13930565
-0.56392175,-0.003314456
0.77915061,-0.003314456
-0.58679098,-0.003314456
-0.5627647,-0.003314456
0.57971722,-0.040407121
-0.057738867,0.019732922
-0.25936827,0.022847675
-0.071981527,-0.003314456
0.5367409,-0.034957658
0.41900846,0.011039372
0.20339897,-0.01390167
0.089053527,-0.006729954
-0.33909884,0.031858992
0.46458066,0.086388201
0.20055491,-0.003314456
-0.11857848,-0.056033153
0.061333954,-0.003314456
-0.39208627,-0.003314456
0.57581288,0.014832223
-0.071608126,-0.002399445
0.46977249,-0.003026016
0.097499281,-0.003026016
1.0518996,0.16868885
-0.50778139,-0.003314456
0.021400828,0.01869208
0.49339375,-0.003314456
-0.31930521,-0.047406659
-0.00918756,-0.003314456
-0.38385901,-0.028851904
0.71909106,0.090211503
0.82641864,0.00493372
0.50811303,0.013596528
-0.40491584,-0.003314456
-0.11150166,-0.064632788
0.12698105,-0.11791737
-0.23979171,0.085517302
-0.26241711,-0.003314456
-0.069066264,-0.02506255
-0.14887562,-0.058852505
1.203037,-0.003314456
-0.020132015,-0.036033101
-0.076927975,-0.003314456
0.3549059,-0.030289095
0.69407594,0.016751321
0.76556897,-0.016897375
0.13599533,-0.053253502
1.859013,0.1029468
0.26891288,-0.003314456
0.53885466,0.10058086
0.46607414,-0.00937392
0.51940078,-0.003314456
0.48506898,0.065880887
-0.81168342,-0.003314456
0.58382887,-0.003314456
0.16790995,0.025803685
1.0422918,-0.019139502
0.31434429,-0.095168971
0.21237484,-0.006299139
1.1091176,0.10428409
1.3840356,-0.003314456
-0.201682,0.096622862
-0.39446449,0.027506575
-0.39104316,-0.003314456
-0.58863252,-0.073229231
0.20626587,-0.12082563
0.51295149,0.11211365
-0.68727738,-0.003314456
-0.35045207,-0.013786973
-0.82780945,0.078465618
-0.029715896,0.069512129
0.3844102,-0.09168525
0.63723332,0.000175437
0.69038671,-0.003314456
-0.049295571,-0.003314456
-0.49436387,0.087892905
0.91214556,0.23812105
-0.53633559,0.035723779
-0.49765399,0.035723779
-0.048231434,-0.003314456
1.3097577,-0.0099473
0.59743136,-0.043535262
0.4080013,-0.003314456
-0.11005559,0.023086881
0.24863207,0.020875813
0.29607406,0.00410872
-0.5213725,-0.022054456
0.38049069,-0.003314456
0.34568602,-0.053198125
0.69544804,-0.003314456
-0.39418104,-0.059192073
0.057643924,0.00155154
-0.057060268,-0.003314456
0.50775236,0.030688828
-0.19788389,-0.13923359
1.0130235,-0.003314456
0.41875443,-0.050557896
-0.34971899,0.046625417
-0.49510497,-0.003314456
-0.088416398,-0.27907738
0.38664341,-0.000138727
0.30361345,-0.003314456
0.008396771,0.08279299
0.71629566,-0.003314456
0.79173547,0.012677721
0.45765993,0.12459468
0.13909394,-0.003314456
-0.59977818,0.009170418
-0.041708421,-0.028504141
0.007664963,0.00791359
-0.39400479,-0.003314456
0.92594099,0.014883366
0.64973855,0.007996952
-0.085699715,-0.00684833
0.26865515,0.000747659
0.50120687,-0.003314456
-0.81202561,-0.084945001
0.070583344,-0.047695756
0.71389782,0.054555904
-0.47108516,-0.15246083
-0.64953953,0.10548366
-0.21643229,-0.045926735
-0.45102438,0.11451849
0.80049521,0.070866011
-0.044811834,0.065033458
0.51488614,-0.003314456
0.41444504,-0.054509442
0.41403684,-0.003314456
0.12313907,0.029430619
0.80954039,0.013132535
-0.43177667,-0.034582943
-0.25498512,-0.003314456
0.51303875,0.076666906
0.35919964,-0.003314456
-0.44223851,0.018455153
0.080887228,-0.003314456
-0.004358995,-0.003314456
-0.13201901,0.038270522
0.20255829,0.15728888
0.13561802,0.057509843
0.14534566,-0.003314456
0.56588137,0.12781972
0.41757494,0.027767211
-0.11452939,-0.052581009
0.051342927,-0.08252316
0.49615201,-0.003314456
0.96858931,0.02423132
0.34987816,0.06678392
0.28585702,-0.003314456
1.2666471,-0.003314456
-0.84643,-0.003314456
0.46326479,-0.003314456
-0.22534992,0.060994428
0.88386422,0.075952217
0.16432773,-0.027416166
-0.095778219,-0.003314456
0.23733546,-0.003314456
-0.44543901,-0.003314456
0.36425552,-0.003314456
0.55184555,-0.003314456
0.093838669,-0.003314456
-0.019667735,-0.003314456
1.1305639,-0.023247536
0.25631773,-0.012330142
0.058527444,-0.012330142
-0.32227713,-0.029442675
0.66621858,0.11321973
-0.52856332,-0.003314456
-0.25193667,-0.003314456
1.2518867,-0.06178432
0.42983496,-0.06178432
0.1538683,0.15568748
0.13687152,-0.001776325
0.28290126,-0.001776325
-0.2612406,0.035066307
0.336133,0.036937639
0.33269575,-0.003314456
0.68891072,-0.20745891
-0.20832765,-0.003314456
0.62102425,-0.003314456
0.8849107,0.13081722
0.37577078,0.061669439
0.11921722,-0.003314456
0.86156613,-0.017118696
0.81190217,-0.032275092
0.014119166,-0.003314456
-0.017358873,-0.068321936
-0.34331211,-0.036996104
-0.24061726,0.014904741
1.4364928,0.18763103
-0.095775858,0.005360475
0.25566587,-0.003314456
0.97400284,0.05817569
-0.54014295,0.053107679
-0.26342294,-0.003314456
0.45210132,0.068692878
-1.3951733,0.024042496
-0.74841017,-0.003314456
-0.2562983,-0.44945553
0.29741663,-0.003314456
1.2192276,-0.003314456
-1.1640801,0.011495855
0.65167171,-0.059450842
-0.10777877,0.12114289
-0.10263667,-0.011303579
0.53664923,0.073811136
-0.36398381,0.02435405
0.011801496,-0.003314456
1.0296032,0.008294429
0.30836076,0.000394744
-0.27651975,-0.003270398
-0.1753262,0.047558278
0.1234014,-0.003314456
-0.025085695,-0.047032829
0.7574513,-0.025375104
-0.60969192,-0.003314456
0.29386368,0.014916709
0.27229124,-0.003314456
0.56959152,0.048192881
0.063078292,-0.003314456
0.78403831,0.33320153
0.59309506,-0.003314456
-0.21072833,-0.003314456
-0.29930201,0.055558819
-0.98516738,-0.087472916
1.1535432,0.080686949
-0.064341001,0.013960705
0.2772496,-0.062133908
0.44126636,0.025982203
-0.18561664,-0.003314456
0.2772496,-0.062133908
0.77057827,-0.003314456
0.080136716,-0.003314456
0.2530092,0.02477181
-0.37471941,-0.003314456
-0.44274899,-0.11244885
-0.44274899,-0.11244885
0.26125979,-0.003314456
-0.007429711,-0.053002708
-9.2407484,-0.003314456
0.65152383,0.07687483
0.14164773,-0.003314456
0.38668653,-0.009156466
-0.005875288,-0.076958783
0.16799726,-0.003314456
-0.19707426,-0.003314456
0.36269793,0.047853276
-0.080267407,-0.049979296
0.60135406,0.085130163
1.2877513,-0.004587788
0.092382468,-0.034327142
-0.75877047,0.007206533
0.35671899,-0.003314456
0.064214334,0.004500219
0.43262061,0.05169132
0.16950791,-0.003314456
-0.24668495,-0.003314456
-0.027426526,0.066299856
0.1455669,-0.003314456
0.63424504,-0.003314456
0.17332587,-0.002276116
0.83394939,0.045677483
0.053791519,-0.003314456
0.57376826,-0.003314456
-0.35548291,0.059636295
-0.20335172,-0.003095859
0.14051874,-0.00971761
0.28835914,0.008921979
-0.42858842,-0.29895496
-0.46972519,-0.29895496
0.15454082,0.075622477
0.24092105,-0.003314456
0.006314319,-0.003314456
0.34440547,0.071022227
0.99602169,0.082573161
-0.19692987,-0.40776947
1.0894704,-0.003314456
0.16028708,-0.003314456
-0.18277428,-0.006271578
0.69136614,0.03002716
-0.022366431,-0.003314456
-0.50987226,0.049445365
0.11100462,0.025380975
0.22042778,0.009109965
0.85687155,0.068130761
0.48833999,-0.036645733
0.049041916,0.045093209
-0.37748435,-0.003314456
0.49332917,0.042145792
-0.76484549,0.22789492
0.35922319,-0.0145593
0.57269794,0.038721867
-3.262336,-0.068304367
-0.098633297,-0.028040715
0.512411,0.052160699
0.078211658,-0.093906
0.001471651,-0.093906
-0.47824642,-0.003780046
-0.87599784,-0.003314456
1.7574399,0.00634125
0.29921952,0.043724388
-0.015175191,0.060084354
0.32274863,0.079960965
-0.6309973,-0.003314456
0.95026934,-0.023304848
-0.23661511,-0.003314456
-0.52266377,-0.003314456
0.38358977,0.018345991
-0.38799137,-0.040093042
0.0746774,0.007542042
0.51809269,0.023711899
0.44926986,-0.003314456
0.31640756,-0.091376461
0.29948321,0.024943037
0.85715169,0.12085363
0.038955312,-0.009363725
0.43144915,-0.11526825
0.46508178,-0.02529978
-0.20209838,0.046470724
0.41286913,-0.068697922
0.41616985,0.089290604
0.16772245,-0.18181978
0.25320774,0.11086827
-0.21480815,-0.079746902
0.70752853,0.076719515
0.30243114,0.11429783
0.43700525,-0.003314456
0.94316328,0.15244585
0.10390327,0.013696303
1.0000408,-0.003314456
-0.19257458,-0.003314456
1.1960067,-0.018247798
-0.17973246,0.096134417
-0.31380749,-0.07987722
-0.020924229,-0.054456819
-0.089965589,0.03753541
-0.063477345,0.053828392
-0.28313258,-0.29092702
-0.76565951,-0.004450851
-0.058656186,-0.003314456
-0.73152822,-0.003314456
0.21854833,-0.003314456
-0.35186109,0.14819337
0.94374275,0.06705682
-0.47120804,-0.12203683
-0.99774587,-0.008288254
-0.14259563,-0.003314456
0.033424467,-0.003314456
-0.3896583,-0.003314456
0.67680824,-0.003314456
0.45011863,-0.003314456
0.31537279,-0.003314456
0.9806394,-0.003314456
0.31416491,0.043399982
0.36236197,-0.040182021
0.067931011,-0.040182021
0.26198292,0.01689229
0.46856982,-0.003314456
0.46649569,0.015296957
0.39698216,0.19616142
0.37820232,-0.003314456
0.29694831,-0.01376103
0.76428038,0.10338133
-0.38235584,-0.003314456
-0.31989217,-0.003314456
0.88851976,-0.003314456
0.23951136,-0.003314456
0.1956739,-0.003314456
0.31131977,-0.071170278
0.83439863,0.14088811
0.092230938,0.02029378
-0.77319956,-0.077246964
-0.10692895,0.022783065
0.52866381,-0.003314456
-0.49268481,-0.06101704
-0.4798488,-0.003314456
-0.29732868,-0.008834746
0.32836324,-0.003314456
0.060555644,-0.004536358
0.81707346,0.11387347
0.060219087,-0.052120283
-0.63508034,-0.043162052
-0.32736474,0.047515314
-0.19319041,-0.078549206
-0.54784971,0.005236218
1.4211694,-0.011023052
-0.20799403,-0.013831018
-0.29935223,9.17737E-05
-0.11034375,0.064847238
0.78143263,0.083296351
1.0442938,-0.005904908
0.21912713,-0.003314456
0.13551308,-0.015317251
0.22984579,-0.003314456
0.43402532,-0.016815446
-0.42643261,-0.013538232
0.4252055,-0.003314456
0.017201712,-0.012655357
0.24401474,-9.01176E-05
-0.16609864,-0.009175505
-0.23339979,-0.018469075
0.5210247,-0.0574225
-1.0084471,0.017132567
0.37618005,-0.003314456
0.50805098,0.001393951
0.29988253,-0.075728208
-0.10419241,-0.003314456
1.1737338,-0.003314456
0.062985472,0.037186306
0.16154134,0.22935659
-0.38468614,-0.000974139
0.14674184,0.065719917
0.51533294,-0.035786118
0.4241614,0.014546487
0.31870782,-0.003314456
0.78886479,-0.003314456
0.4730899,0.04610692
0.44038409,-0.054143976
0.096544392,-0.003314456
0.067598879,-0.003314456
0.096874878,-0.003314456
0.14256664,-0.003314456
-0.60239351,-0.003314456
0.075445183,-0.003314456
0.52963585,-0.000142743
-0.63282597,-0.015953992
-0.077313155,-0.068141602
-0.073470742,-0.065646499
-0.30327946,-0.065529227
-0.072504066,-0.009314752
-0.00985141,0.092320517
0.55256402,-0.003314456
0.071741067,-0.003314456
-0.14232412,-0.078710824
-0.4947041,-0.049149826
-0.52667642,-0.027213832
0.48890939,-0.003314456
0.43256301,0.11909866
0.15628171,-0.003314456
0.028096963,-0.018428613
0.35763383,-0.018428613
-0.27970776,-0.003314456
-0.69032395,0.1143471
0.60070068,-0.003314456
-0.47631863,-0.014072219
-0.51869726,-0.003314456
-0.41869918,-0.062048156
0.29283488,-0.003314456
1.3118107,0.005138223
-0.001703397,-0.003314456
0.55436486,-0.058754843
0.47899762,-0.016369335
0.25133583,0.012858881
0.46210888,-0.005021407
0.46351039,0.065487973
0.15386403,-0.016846025
0.32668409,-0.007706142
-0.3786639,-0.035547845
0.32510993,0.071692504
0.59102923,0.018131103
0.5413745,-0.000315835
-0.65242559,-0.27934656
0.60711712,-0.21628325
-0.63793814,-0.055052154
0.44801942,-0.003314456
-0.031466804,-0.003314456
0.077010058,-0.003314456
0.25161424,0.056801692
0.14534056,0.062310379
0.18785624,0.007237322
-0.43012202,-0.094153039
0.4018991,-0.003314456
-0.063401729,-0.003314456
-0.29886076,0.008312825
0.67874086,0.032784551
-0.094917879,-0.003314456
-0.18587023,-0.099462308
-0.66203362,-0.003314456
-0.43075418,-0.06345401
0.45744354,-0.003314456
0.62449282,0.05284106
0.016013579,-0.003314456
0.23319814,0.086363651
0.7369765,-0.000276657
-0.047295131,-0.085102789
0.06364613,-0.00259837
0.21275105,0.032181017
0.21736857,-0.003314456
0.003627413,0.45285571
0.54849452,-0.021722088
0.54320228,-0.021722088
-0.17535184,-0.019846169
0.21297555,-0.003314456
-0.1635868,0.032846414
0.10825559,-0.003607865
0.084153324,-0.012893789
-0.28862876,-0.003314456
0.44554549,-0.033416755
-0.061154902,0.01838883
-0.16869523,0.010567197
0.41246623,-0.003314456
0.002481386,-0.03579722
1.6721606,-0.003314456
-0.52570665,-0.003314456
3.3491821,-0.003314456
-0.1771099,0.000796644
0.72809672,0.028365627
-0.39808133,-0.073249295
-0.069731951,0.026858468
0.32799706,0.00730596
0.28394815,0.001193983
-0.593104,0.016164973
0.11445396,-0.00397614
0.66892046,-0.011825744
-0.40469885,-0.003314456
0.20169961,0.02015307
0.34146848,0.002486727
0.049923386,0.002486727
0.073466465,-0.23502405
0.40716001,0.050345022
0.078520909,-0.003314456
0.31520367,-0.05385974
3.2984533,0.12394731
0.18744764,0.017025508
0.22136943,-0.003314456
0.48328188,0.016568309
0.6641677,0.042809587
-0.50384086,-0.035067253
0.80439413,0.02608039
0.48736402,-0.003314456
0.08421091,-0.003314456
0.24443918,0.014976808
0.55110812,0.042744413
0.11303682,-0.07338573
0.90237153,0.070498675
0.81234533,-0.003314456
0.93211591,-0.011823817
-0.056187674,-0.003314456
0.41429228,0.084546082
-0.66505212,0.027937567
1.1130714,0.43204027
0.41023922,-0.043186571
0.21659522,0.068026476
-0.085822634,-0.11223631
0.21245031,-0.003314456
0.77158272,-0.003314456
0.61786109,-0.003314456
-0.22356433,-0.003314456
-0.027581312,0.20495215
-0.51637346,-0.003314456
0.79310739,-0.017317727
0.25357646,-0.010667462
0.026162891,-0.14297521
-0.015376983,0.032256342
-0.72572905,-0.16325444
-0.27629492,-0.003314456
-0.25862035,0.020818925
0.45928675,0.069552675
0.16670863,-0.001014492
0.28231233,0.005397085
-0.27248982,-0.11295313
0.54995245,-0.003314456
0.19809224,-0.003314456
0.54885292,-0.003314456
1.0884538,0.070384853
0.1387759,0.025195904
-0.50150776,-0.11802131
0.2855314,0.027787596
0.67082542,0.10328705
-0.017425172,0.17036106
-1.5524925,0.00515714
1.8205274,0.078908421
-0.18290463,-0.003314456
-0.35425705,-0.075015321
-0.14099643,-0.003314456
0.90632099,0.018282935
-0.74704778,-0.068645947
0.44471517,0.031634502
0.79230857,-0.003314456
0.13733326,0.01479279
0.13552086,-0.52997762
0.40457582,0.13401324
-0.32419425,0.00461082
-0.21912771,0.030613786
-0.4337914,-0.1477904
0.50533134,0.14292391
0.08694496,-0.14277771
1.1484569,0.090344727
-0.27605432,-0.003314456
-0.34495395,-0.006840318
-0.038033292,-0.006008898
-0.39515623,-0.003314456
0.33067605,-0.038271189
0.27877143,0.084306248
0.29825893,0.084306248
-0.16065189,-0.003314456
-0.5331431,-0.037671551
0.31953621,-0.23478583
-0.15731418,0.094499357
0.21946748,-0.007116896
0.14322071,-0.007116896
0.34815279,-0.003314456
0.58682352,-0.23502241
-0.003527918,0.029890599
-0.47285587,-0.003314456
2.1719673,0.064041607
-0.37593639,0.050514244
-0.37593639,0.050514244
-0.58510339,-0.003314456
-0.059973564,-0.003314456
-0.02323124,-0.16865045
1.360831,0.020742243
0.28822854,-0.003314456
0.25415161,-0.003314456
-0.13277292,-0.25960526
0.63119698,-0.003314456
1.4367886,0.14567843
0.41874838,-0.003314456
0.39062682,-0.003314456
-0.001173236,0.067446493
0.24696194,-0.003314456
-0.37567306,-0.010061648
0.60423672,0.51831251
0.60423672,0.51831251
0.29833007,-0.003314456
-0.57796043,-0.058130451
-0.085646078,-0.006360385
0.40439722,0.041350178
0.63040817,0.001407819
-0.45528686,-0.03710366
-0.3157976,-0.003314456
0.23374568,0.021365179
0.037306756,-0.052097004
1.3593001,0.17639704
0.74571252,0.063193873
0.016075125,-0.061840162
0.47543591,-0.003314456
0.37745419,-0.003314456
-0.5425514,-0.003314456
0.60772848,0.004599182
-2.0014639,-0.01081903
-0.12097155,0.13181217
0.60686743,-0.003314456
-0.025802827,-0.17410362
0.40788642,-0.003314456
0.26577863,-0.035649441
0.25042537,-0.003314456
0.28279731,0.006775554
-0.08252871,-0.00345392
0.12695545,-0.003314456
-0.82934004,-0.003314456
-0.34052566,-0.066057779
-0.048271604,-0.003314456
0.12030411,-0.003314456
-0.19142568,-0.10540011
-0.23787294,-0.10540011
-0.35083982,-0.22761731
-3.4200158,-0.058306415
0.61202031,-0.003314456
-0.13426904,-0.074362509
0.88544863,-0.026785921
0.85122067,0.081572302
0.14495745,0.052351963
-1.030009,-0.11177233
0.26342371,0.012293617
0.33643797,-0.015400458
-0.21405689,-0.0421324
0.41040319,0.008041998
-0.63823855,0.001991497
0.401858,-0.13978757
0.69151515,-0.022229556
-1.0987867,0.098975681
-1.1152663,0.029431501
-0.74987262,0.029431501
-0.012280849,0.064598583
-0.82992011,-0.003314456
0.35520455,0.057362068
0.29895228,-0.004727147
0.12295299,-0.003314456
-1.1272349,-0.067335881
-1.2377069,-0.06710434
0.25383466,-0.006459216
-0.6724751,0.13129446
-0.34152263,-0.004326829
-0.061689842,-0.003314456
0.63507724,0.01937631
0.35999957,-0.037746273
0.38284487,-0.28324842
-0.011735371,0.032539964
-0.018685194,-0.003314456
0.52142549,0.006468863
-1.3900852,-0.003314456
0.22127551,-0.003314456
0.7070744,-0.003314456
0.096742354,-0.003314456
0.21250734,-0.003314456
0.022129772,-0.003314456
0.019957807,-0.076928794
-0.029055361,-0.076928794
0.73012102,0.042667463
0.43374604,0.090090744
1.1328446,-0.016591841
0.7384755,0.012973176
0.61815858,-0.003314456
0.46020269,0.009565693
-0.068167709,-0.022471376
0.25308555,0.012559386
-0.19159631,0.12385698
0.2910825,0.031214099
0.51581258,-0.17897677
0.069914237,-0.010114269
-0.27098507,-0.059643809
0.49501961,0.058162402
0.38546708,0.088270105
0.22787613,-0.069817893
-0.42452335,-0.044018265
1.0232457,-0.008534484
0.69142604,0.020815756
0.75075138,0.095462918
0.089879774,0.003295427
-0.38238829,0.070889145
-0.043524873,-0.003314456
-0.090847641,0.004187996
0.39068145,-0.0448379
0.24773455,-0.013809274
0.63279921,-0.032280225
0.090244524,0.008838742
-0.071098052,-0.003314456
-0.24985683,-0.003314456
-0.36032882,-0.003314456
-0.069067381,-0.030187113
0.21756178,-0.072153568
0.88633078,0.014090683
-0.32477382,-0.003314456
0.22986029,-0.029313557
-0.42612213,-0.006873203
-2.9875972,-0.003314456
0.58472472,-0.083642766
-0.17395718,0.004741605
0.3274053,-0.003314456
-0.081987806,0.003570652
-0.39324358,-0.003314456
0.97154516,0.15673822
-0.14934032,-0.003314456
-1.0044326,-0.18215191
0.07454171,0.039730657
-0.076286644,0.024304796
-0.12922139,-0.014821031
0.85093594,-0.003314456
0.12791067,-0.003314456
-0.78140664,-0.066342711
0.26121071,0.026698725
-0.16441961,0.002013171
0.037048817,-0.003314456
0.31861711,-0.1864837
0.030516513,-0.003314456
0.34485397,-0.074532449
0.47256836,-0.003314456
0.049931917,-0.11494625
0.69719762,0.084927104
1.1054393,-0.086060531
0.54642153,0.13238308
0.054922566,-0.031671409
-0.63969469,-0.046913896
-2.7132432,-0.003314456
-0.31585801,-0.003314456
-0.20373659,0.029692497
-0.34578097,0.009272173
-0.14707021,0.002753608
-0.3963919,-0.001388022
0.12970479,0.088976599
0.60232866,-0.001870249
-0.29088554,-0.13733438
0.0149897,-0.17064349
-0.93307841,-0.003314456
-0.014073781,-0.001972322
0.32546878,0.010053161
-0.15237011,-0.003314456
0.27178556,-0.05623984
0.64216471,-0.003314456
0.39627457,-0.003314456
-0.11210472,-0.003314456
-0.083421007,-0.003314456
0.11465763,0.0205392
-0.24914619,-0.10050867
0.42917305,-0.14011919
0.24834791,-0.018880736
0.5971815,0.013543541
-0.2166599,-0.003314456
0.27631438,-0.027038228
-1.0195534,-0.003314456
0.086654067,-0.003314456
0.49166331,0.046708416
0.48322704,0.06228368
0.15188789,0.021888619
-0.28409451,-0.003314456
0.42173365,0.074934378
-1.5931603,-0.073650487
0.02572161,0.043936964
0.084455155,-0.003314456
-0.26835907,-0.003314456
0.38491124,-0.003314456
-2.1867695,0.044614505
0.21463551,0.019101011
1.0171746,-0.003314456
1.0724834,-0.003314456
0.12380936,0.012033765
0.65205324,-0.003314456
0.30740187,-0.003314456
0.086344115,-0.003314456
0.7308476,0.022736561
0.67164916,0.20601234
-0.47789395,-0.003314456
-0.31965706,0.017171256
0.81441456,0.001264746
-0.13820052,0.021310788
0.57284153,-0.003314456
0.1916378,0.06156313
0.27732623,-0.029183973
0.66422629,-0.02916885
0.24871205,0.028211556
0.17689171,-0.18005687
-2.0637903,-0.003314456
-0.25156841,-0.003314456
0.5543834,-0.019267796
0.062463995,-0.065272003
0.85132444,0.11432283
0.1616914,-0.004186905
0.19941226,-0.001581628
-0.42989427,0.04994449
0.052616563,0.020979432
0.29039037,-0.003314456
-0.022020139,0.019947356
0.55147558,0.010965391
0.55147558,0.010965391
0.70119816,0.09870097
0.23199672,0.032299358
-0.065660134,0.11821069
0.055928666,-0.003314456
0.60241503,0.14146613
0.439309,-0.032818589
0.55762261,-0.032818589
-0.056426361,-0.008788549
-0.22851034,-0.1558238
0.70619065,0.069722131
0.27148029,-0.11901855
0.068457946,-0.032988485
0.13574162,-0.009655743
0.47617203,-0.003314456
-0.3020449,-0.003314456
0.61504364,0.038949762
0.58742785,0.05148891
-0.25526416,-0.0655393
-0.19438833,-0.10797421
-0.15152356,-0.003314456
-0.018319543,-0.090974301
-0.55921215,-0.016318481
0.80179703,0.001512607
-0.52029645,-0.003314456
0.76088715,-0.004789532
0.80150729,-0.003314456
0.22435263,0.005640436
0.019823626,-0.070556678
0.27151346,-0.003314456
0.093999572,0.041359767
0.12028126,-0.014949144
0.69618571,-0.006086419
0.7007876,-0.011591265
0.56587708,0.048074789
0.028552668,-0.003314456
0.10522775,-0.005982451
-0.72328073,0.23740076
-0.20159978,-0.003314456
0.74679494,0.096830398
-0.078220733,-0.003314456
-0.034881286,0.012020474
0.47893435,0.10943352
0.18616521,-0.04331515
0.009126916,0.08713425
0.73002732,0.26375228
-0.5804444,-0.003314456
-1.1489018,-0.003314456
0.27504992,0.058417242
0.41151798,-0.3149991
-0.16080971,0.007520952
-0.07848791,-0.003314456
0.25938591,0.071367964
0.10376603,-0.063111447
0.72975928,-0.018839639
0.60927373,-0.003314456
-0.18019766,-0.15220395
0.91142648,-0.3139568
-0.34592053,-0.11684432
0.23420431,0.029126074
0.026614238,0.023852436
0.3004272,-0.003314456
-0.027892787,0.019348476
-0.30972576,-0.017019765
0.63618875,0.051930863
-0.082635969,-0.035492919
-0.040945671,-0.1520261
-0.087760411,-0.1391708
0.83198255,-0.003314456
0.62261915,0.097109489
0.062541157,-0.15357248
0.42591408,0.055938594
0.10654201,0.041703686
0.24499957,-0.067309424
0.43664569,0.003799307
0.4374305,0.028189233
-1.1083869,0.12520278
0.10224614,-0.003314456
-0.25465721,-0.048867211
0.33937028,0.078828499
0.29919881,0.13919622
-0.23496909,-0.1286985
0.20106842,-0.003314456
-0.50712091,-0.003314456
-0.38768327,-0.003314456
-1.0319828,-0.003314456
1.7086005,-0.003314456
0.21103391,-0.003314456
0.34502649,-0.003314456
0.12400097,-0.039217003
0.4237079,-0.003067901
0.52890086,0.038893543
0.28733358,0.020378482
0.52635932,0.017553054
0.39058647,-0.003314456
-0.1202552,-0.003314456
-0.14979725,0.005087076
0.14749126,-0.14787309
0.24402836,-0.14787309
0.64223146,0.18273744
0.34949532,0.18273744
0.88586897,0.191484
0.31393105,-0.093440108
0.50287724,0.01688021
0.29648772,-0.003314456
0.77472866,0.16961026
1.181958,-0.007845014
-0.84761238,0.033536702
-0.4356209,0.03010818
-0.30345371,0.043016605
0.43815312,-0.002264288
0.43217984,-0.10969996
0.3284893,0.01803549
0.93277502,0.001394146
0.50266296,-0.003314456
-0.51798409,-0.000974053
0.56130648,-0.005793299
1.045889,0.040500566
-0.051392712,-0.003314456
0.82771438,0.044126857
-0.64797211,0.039371349
0.34825817,-0.010764636
0.7389856,0.006184147
0.22801331,0.087235972
-0.3929967,0.21717446
-0.3857117,-0.022036219
0.38561496,-0.017195627
0.29126251,-0.017195627
0.25745553,0.10226853
-0.076963171,-0.029405683
-0.24150546,-0.080248572
0.023163443,0.052263711
-0.3396357,-0.025252059
-0.074014969,0.042571671
-0.28591937,-0.00595634
-0.79506361,-0.015595265
-1.2801057,-0.003314456
1.0571814,-0.003314456
-0.53140587,-0.083359592
0.27932951,-0.003314456
-0.049448714,-0.003314456
-0.29556412,-0.026034432
0.21329816,-0.065938339
0.080500342,0.07079871
-0.13159865,-0.003314456
0.57610226,0.036761675
0.77429312,-0.003314456
0.4282926,0.014376618
0.44518912,-0.003314456
0.40112224,0.049206004
0.28300342,-0.037587397
0.91093838,0.033218119
0.033077244,-0.027226347
0.61726904,0.09302301
0.10267801,-0.011875493
0.18021524,0.011368015
0.057927467,-0.003314456
0.63783389,0.050473187
0.15583378,0.010301814
0.76734805,-0.003314456
0.19281437,-0.003314456
0.48838192,-0.019895101
0.6279574,-0.003314456
-0.54790604,-0.003314456
0.38007909,-0.003314456
0.34318772,0.074072786
0.25450817,-0.096076719
-1.0626326,-0.003314456
0.26237524,0.037840422
0.21965045,-0.006109765
-0.35445622,-0.019262969
0.21206717,0.02333816
-0.0558451,-0.006487216
-0.90227062,-0.003314456
0.20633465,-0.003314456
-0.097746745,-0.003314456
0.31177858,-0.083520018
0.20708449,-0.003314456
0.81728661,-0.017063173
-0.46636823,-0.11023321
-0.26873949,-0.046808641
-0.062995732,-0.003314456
-0.24378532,-0.056522168
-0.29346424,-0.003314456
0.6965344,-0.003314456
0.39685535,-0.003314456
-0.35306063,-0.057159714
-0.5777595,-0.032814547
-0.70508128,-0.03132068
0.4638083,0.006729527
0.26142001,-0.003314456
0.40478718,-0.003314456
-0.33381882,-0.003314456
-0.12093638,0.042932127
-0.1000094,-0.001897677
0.84023774,0.078500569
0.12580214,-0.26277655
0.029950267,-0.001091405
0.12560819,-0.073601186
0.44993514,-0.003314456
-0.23524363,-0.003314456
-0.2901206,-0.003314456
-0.04172311,0.011863546
0.48828176,-0.003314456
0.44518659,0.012773012
0.47294718,0.11805303
-0.72788477,0.16874273
1.0042565,0.072114579
0.77968949,0.038347654
0.24022625,-0.087928593
0.063767679,-0.003314456
-0.20560284,-0.003314456
0.13980556,-0.018361814
0.17077029,-0.003314456
0.27881974,0.066389553
-0.18496795,0.002849209
-0.23909225,0.012784398
-0.81198597,-0.003314456
-0.55688852,-0.012113762
0.98890847,0.081899524
0.21792972,0.020720953
0.53081393,0.036619604
-0.84254491,-0.003314456
0.44674867,-0.014430872
-2.574826,0.014790029
0.31192482,-0.046229482
0.36096188,0.03306004
0.4949064,0.02291631
0.94737136,0.02291631
0.42938957,0.016149405
0.14966358,0.026265249
0.49381116,-0.002704776
0.417,0.00421269
0.015486518,-0.003314456
0.43051845,0.053816628
0.55061573,0.028898859
0.54062426,-0.01660263
0.54062426,-0.01660263
-0.17283909,-0.003314456
1.1278307,0.062869444
0.53499043,-0.003314456
0.65049732,0.055791341
0.36127061,0.025354128
-0.39225432,-0.003314456
-0.51058269,-0.003314456
-0.031525869,0.005994917
-0.61896914,-0.059350591
0.42179239,-0.003314456
0.5079304,0.008099578
0.67129183,0.028400933
0.38987172,0.001210901
-0.24342395,-0.003314456
0.28109023,0.036852088
0.16159676,-0.003314456
-0.30402544,-0.003314456
-0.22768679,-0.003314456
1.393291,-0.003314456
0.079782464,-0.003314456
0.10148134,-0.003314456
0.11716881,-0.11758964
-0.10156216,0.000806607
1.5288655,0.39723539
-0.38741359,-0.021431079
-0.3656427,0.012101659
0.099993192,0.017071823
0.2296834,-0.003314456
-0.034050789,0.025381371
-0.21713741,-0.055049736
0.62841463,-0.015833508
0.46382487,-0.000142165
-0.39613453,-0.043112583
-0.83676487,0.060267229
-0.58599889,0.060267229
0.21194038,-0.003314456
-1.3050882,-0.003314456
0.74197567,0.03270492
-0.070303701,-0.003314456
0.18910466,-0.003314456
0.1082748,-0.003314456
-0.19544613,-0.11828218
0.30262792,-0.003314456
0.2339644,0.12736815
0.24205805,-0.10449254
-0.80931425,-0.003314456
0.50008631,0.016649716
1.1991498,-0.090530477
-1.0141256,0.15674601
-0.40823823,-0.093472123
0.35098884,-0.018917559
-0.39244491,-0.000282864
-0.22756064,0.3136791
-0.16547437,-0.009842982
0.27683663,0.045348171
-0.56120789,0.013089112
0.3825452,-0.003314456
0.10860768,-0.018843928
0.60569578,0.11969554
0.72818351,-0.042534575
0.67038184,0.059121393
0.61214411,0.16265242
0.015461494,0.040542979
0.2497898,0.0129194
-0.30494934,-0.13032082
0.029210309,0.085660152
-0.39932764,-0.003314456
-0.21794808,-0.24694142
0.27035013,-0.003314456
0.083851978,-0.41572592
-0.10634298,-0.003314456
-0.41878164,0.19060172
0.2797569,0.034445647
-0.037775978,-0.003314456
0.33598274,-0.003314456
0.62769347,-0.10085394
1.4919548,-0.003314456
0.20278226,-0.068477727
-0.61037809,-0.061874319
0.20180373,-0.019675121
0.68864137,0.047316987
-0.35168111,-0.002868747
-0.10713422,-0.003314456
0.45512193,-0.051868502
0.8096,-0.003314456
0.10382289,-0.003314456
-0.93381345,-0.049185
0.27280039,0.094476752
0.16536243,0.044817965
0.16536243,0.044817965
0.16536243,0.044817965
0.44180864,0.00283482
-0.15111947,-0.073551655
-0.23559569,-0.003314456
-0.43764657,0.04231206
0.20071247,-0.024112819
-0.9428212,-0.003314456
0.48881888,-0.003314456
0.48881888,-0.003314456
0.85053492,0.24283622
-0.37301043,-0.2454794
0.30315673,0.1224558
0.20393072,-0.003314456
-0.23474358,-0.003328654
0.22162265,-0.024963487
-0.18134144,-0.14104468
0.31777275,0.003452212
0.12692875,-0.027857859
0.21752077,-0.027857859
-0.60707158,-0.013118896
0.73723,0.00088615
-0.26775104,-0.12913096
0.34221345,0.054479998
0.8078562,0.1104167
0.16803668,-0.020193575
0.11267751,-0.003314456
-1.1363796,-0.003314456
-0.05059864,-0.003314456
0.02447884,-0.089392826
-0.25380599,0.042503841
-0.16639675,0.096167363
0.15236604,0.08362516
-0.23493868,0.025069989
-0.032636248,0.002507982
-1.1656706,0.085151508
-0.45823941,0.085151508
0.34369719,-0.000313485
0.53266037,0.093809783
0.40069491,-0.003314456
0.34326854,-0.003314456
0.48545921,-0.062970199
0.60450846,-0.003314456
0.67587376,0.048045889
0.21922094,-0.003314456
-0.02683552,0.016962543
-0.02683552,0.016962543
0.34848434,-0.0102711
-0.028801119,-0.0102711
0.74591357,0.10401872
0.73213142,-0.046869718
0.11582323,-0.046869718
0.56101412,-0.025479574
-0.021498332,-0.003314456
0.32841563,0.016589411
0.010587274,-0.014719138
0.38023514,-0.036303498
-0.11230786,0.078382351
0.54879242,-0.003314456
-0.47356141,-0.071611539
-0.15400137,-0.061329287
0.037545111,-0.003314456
1.0912701,0.037723307
-0.28763977,-0.003314456
-0.010151636,-0.003314456
-0.28974003,-0.23382398
0.32663196,-0.002521141
0.034744106,-0.003314456
-0.55432272,-0.004677827
0.68178213,-0.043303832
-0.14711766,0.008696018
0.45044988,0.035594393
0.57122618,0.01161053
0.6127851,0.11476085
0.89673835,-0.034104809
-0.10369256,-0.003314456
0.53933924,0.012876703
-0.11715645,-0.044867441
-0.12116695,-0.003314456
-0.70051694,-0.003314456
0.91938353,-0.003314456
-0.73882532,-0.03318822
0.15668687,-0.064940564
0.4791615,0.12567967
0.63462555,0.14955769
-0.43405259,-0.043702696
-0.43405259,-0.043702696
0.048192184,-0.003314456
0.58274305,-0.003314456
0.88983995,0.034181096
0.060446892,0.091833584
0.13071202,-0.01708718
-0.51532096,-0.01708718
-0.79727703,0.12717628
0.021903858,0.12971853
0.042263806,0.006406891
0.086625807,0.006793564
-0.10646064,-0.11766104
0.2096988,-0.003314456
-0.02872676,-0.003314456
-0.13125812,-0.003314456
0.15964091,-0.027936522
0.17699896,-0.068974294
0.95955378,-0.009132808
-1.242847,0.015653938
0.10901269,-0.003314456
-0.01708515,-0.095108502
0.91609895,-0.003314456
1.0508958,-0.003314456
-0.32980913,0.051731568
-0.010067672,-0.037322965
-0.27869204,-0.009212165
0.55339342,-0.030259343
-1.3940051,-0.003314456
-0.12007812,-0.10056477
-0.67261636,-0.003314456
-0.39846537,-0.003314456
1.2407061,0.071359053
0.074828841,-0.015649227
-0.10600721,-0.003314456
-0.50252199,-0.033415046
0.52325755,0.016202021
-0.8171196,-0.003314456
-0.22104804,0.022322502
0.27035907,0.061549149
0.057516608,-0.013141025
-0.38230744,-0.003314456
0.42827848,0.024227558
0.10841572,-0.009811536
0.85211867,0.088981211
-0.46659467,-0.029669832
0.28074923,0.073931761
0.38162857,0.048143856
-0.47366285,-0.047183074
0.38372105,-0.003314456
0.098283403,-0.003314456
-0.24990822,-0.003314456
0.23596109,-0.039630301
-0.32230812,0.005540539
-0.52580935,-0.034214828
-0.13438547,-0.047304366
-0.32196665,-0.003314456
-0.34289843,0.022181032
0.70017266,-0.003314456
0.72767067,-0.003314456
0.4329282,-0.003314456
-0.66361558,0.003368218
-0.026158774,-0.001333708
0.63720018,0.12089445
0.12504676,-0.038870946
0.39157936,-0.046367269
-0.31742024,-0.000753867
-0.21231978,-0.014619774
0.24006057,0.014894526
0.71981823,-0.00733852
-1.2941368,-0.003314456
0.65010762,-0.003314456
-0.36633801,-0.003314456
0.1872758,-0.002831005
0.024338936,-0.019032927
0.19556881,-0.013896388
0.011601473,-0.001973867
-0.45693976,-0.003314456
-0.025173424,-0.012576152
-0.19439152,-0.008676748
-0.49234968,-0.001205869
-0.60385644,-0.03095774
0.2642166,-0.003314456
-0.086390145,-0.003314456
-1.0712734,0.04037483
0.18996583,0.00408073
0.14161044,0.017544476
0.35995123,-0.003314456
0.19046918,0.11482051
-0.62866127,-0.009065685
-1.1277367,0.16579542
0.31545225,0.072699137
0.45249835,0.13341068
-0.4037981,-0.003314456
0.3484574,0.009194913
0.39765891,-0.042912725
0.62749046,-0.003314456
0.37660202,0.010686768
0.64021897,-0.003314456
0.68174011,0.016092129
0.6511302,0.12575181
0.25375429,0.089557618
1.2469155,0.036976069
0.12299772,0.06985084
-0.19337244,-0.072795764
-1.4805173,-0.016138779
-1.4805173,-0.016138779
0.73346841,0.15191628
-0.47458646,-0.030977288
-0.44472209,0.022726672
0.01011999,0.015625529
-0.13367844,-0.003314456
1.0372083,0.13148896
0.49141985,-0.17353384
1.0471829,-0.30449912
0.58743256,-0.003314456
-1.2261373,0.11123718
0.36699834,-0.003314456
1.3823018,0.13740763
-2.9704533,-0.003314456
-1.4002866,-0.004311268
-0.29274559,-0.019239975
0.075905927,-0.003314456
-0.76396847,0.014553053
0.53671771,-0.011552299
0.71712506,0.005354939
-2.2043343,0.064081185
-0.24722365,0.021307128
0.61313343,-0.003314456
-0.24529605,-0.003314456
0.35508573,-0.003314456
0.35508573,-0.003314456
0.16282657,-0.075596809
0.092850819,0.003405453
0.21610422,-0.003314456
-0.22289039,0.014651105
-0.37456563,-0.003314456
0.76499575,-0.003314456
0.47820789,-0.003314456
0.005150949,-0.003314456
-0.43807942,-0.051560629
0.93823373,0.093578495
0.18043932,0.12870261
-0.24486172,-0.003314456
0.30198723,0.009545714
-0.16189566,-0.003314456
0.95709562,0.003855888
0.27554172,-0.42277029
0.056222547,-0.033081375
-2.7174969,-0.003314456
-0.78145033,-0.003314456
1.0914608,-0.003314456
1.1011434,-0.014838912
0.16689971,0.028852085
-0.29770115,-0.003314456
-0.52264649,-0.003314456
-1.0981606,-0.003314456
0.054060049,-0.027747942
-0.12091182,-0.002156128
-0.20272097,-0.003314456
0.75053066,0.15369764
-0.57493114,0.048571665
-0.27247337,-0.003314456
-1.2480186,-0.44349286
-0.058762509,0.013846499
0.38600892,0.032097705
0.57814181,0.063306734
0.37262288,0.006701383
0.3469322,0.059550479
-0.52800959,-0.003314456
-0.25819719,-0.003314456
-0.13804011,0.010767791
1.0641323,-0.003314456
-0.84489006,-0.16744578
0.67192245,-0.003314456
-0.36649355,-0.063661665
0.49908572,-0.063661665
-0.31905153,-0.044176526
0.41342771,-0.044176526
-0.79477763,-0.003314456
-0.20939068,-0.017680993
0.25025219,-0.003314456
-0.097487606,-0.003314456
0.78528547,0.10230518
0.392324,-0.003314456
0.30748221,-0.003314456
-0.018784583,0.008907078
0.06750387,-0.003314456
0.24965104,-0.003314456
0.32721105,-0.056474507
-0.16605847,0.039799657
-0.13151021,0.0562925
0.35085663,0.14661016
0.43216136,-0.016649501
0.4329282,-0.003314456
-0.34303352,0.002829564
0.62135792,-0.015534825
0.50722873,0.10660296
0.63833672,0.26824981
0.21045551,-0.003314456
0.099372238,-0.003314456
0.063466139,-0.093549222
1.3750215,-0.11441527
-0.25826976,-0.14387219
0.51763856,-0.003314456
-0.27936801,0.0485783
-1.4112743,-0.045459058
-0.29629585,0.18002625
0.55734569,-0.055259481
-0.17726986,0.001547921
-0.30061784,0.001301806
0.091052838,0.034148857
0.64665902,-0.001965398
0.075136654,0.0567655
0.20462498,-0.003314456
-0.3420603,-0.003314456
-0.42733887,-0.003314456
-0.80392134,-0.003314456
0.56043309,-0.003314456
-0.48127833,-0.021729749
0.12091067,-0.19099718
0.49639788,0.096233264
-0.45999357,-0.003314456
0.40760416,-0.003314456
0.33538598,0.08411213
-0.024720745,-0.61572647
0.074641816,-0.033865888
0.66496652,-0.003314456
0.56529278,-0.003314456
0.23319964,-0.003314456
0.57199371,-0.003314456
0.12039446,-0.003314456
0.69104111,-0.003314456
-0.60042238,-0.003314456
-0.54388934,-0.003314456
0.80191869,-0.003314456
0.35229647,0.1763462
0.53714883,0.05431056
0.4450438,0.1265664
-0.20809114,-0.003314456
-1.2725139,-0.003314456
-0.10637333,-0.00306636
-0.026159165,0.019185646
0.3313435,0.019185646
-1.1802485,0.061082814
0.19511753,0.099029943
0.47561949,0.076020889
0.46146524,0.11363768
0.29355523,-0.003314456
-0.28162602,-0.003314456
0.28990784,0.078302041
-0.18126924,-0.00710141
0.22764127,-0.039222691
-0.53856325,-0.003314456
0.13391207,-0.047002219
-0.62653255,-0.0378302
-0.45678812,-0.0378302
-0.83609009,-0.020747526
-0.2655451,-0.003314456
-0.5875175,-0.003626714
-0.32182637,-0.00594975
-0.2737962,-0.017394291
0.69499779,-0.003314456
-0.62906522,-0.058739446
0.07587266,-0.003314456
-0.13810098,-0.042616792
-0.24090765,0.028335802
-0.27114439,0.063774318
0.50012171,0.016058704
0.73832971,0.016058704
0.13854793,0.028179104
0.58121246,-0.003314456
0.45214459,-0.051977377
-0.78183532,-0.003314456
0.61225629,-0.003314456
-0.34190482,-0.007388391
0.35938612,-0.006404606
0.69986314,0.093719386
0.040768325,-0.007123965
0.040768325,-0.007123965
-0.25940338,0.010981783
-0.031217856,-0.057761118
0.20020099,-0.003314456
0.48186743,-0.020397069
-0.19064511,-0.082609579
-0.28598076,-0.003314456
-2.4877694,-0.003314456
0.54182428,-0.003314456
0.23157448,0.063481085
0.66518986,-0.003314456
-0.29314005,-0.062979139
-0.17055269,-0.029832901
1.4136808,-0.003314456
0.11099663,0.009642419
0.53971279,-0.025471065
-0.13592064,-0.022117075
-0.28153896,-0.05263311
0.46320531,-0.003314456
1.1183662,0.2456526
-0.36815381,0.040101781
1.6652156,-0.069793023
-0.11975513,0.012226186
0.62619245,-0.003314456
0.17597593,-0.003314456
0.32891262,0.017941801
1.7244235,0.04038452
0.82181233,0.16327932
0.041265644,0.026823439
-0.41932321,0.008717423
-0.35439989,0.00561556
-0.50317234,0.004141116
-0.21167099,-0.035314683
0.19465622,0.04710516
-0.67779297,-0.003314456
0.57441998,0.071943901
1.1362506,-0.010274976
0.65388101,-0.012373702
-0.97806925,-0.003314456
-0.092230909,-0.003314456
-0.4465248,-0.003314456
0.54074281,0.15998532
0.74029332,0.19563021
0.40899959,-0.003314456
0.39628547,-0.13767782
0.052724324,-0.003314456
-0.52398854,-0.003314456
-0.47915563,-0.003314456
-0.33311528,-0.003314456
0.199744,-0.047833934
0.040903017,-0.043156855
0.60302573,-0.003314456
0.27854767,0.042486422
-0.12639983,-0.007427601
0.415822,0.010252614
0.48135257,0.056633793
-0.19379675,-0.072830826
0.55030519,-0.005334937
0.60557061,-0.089816689
-0.64805293,0.008539857
-0.21717174,0.013094739
0.44457158,0.045436885
0.2290933,-0.059332117
0.71395707,0.02474869
0.32925189,-0.13777727
0.53800052,-0.003314456
0.51025057,-0.003314456
-0.48908257,-0.003314456
0.66470569,0.067964002
-0.28052074,-0.003314456
-0.37489727,-0.003314456
-0.37489727,-0.003314456
0.80357134,0.010727938
0.47615394,-0.003314456
0.47333837,-0.003314456
0.33383429,-0.035699334
0.05452881,-0.003314456
0.46183774,-0.003314456
-2.7768178,-0.019424325
-0.75796431,-0.003314456
0.46069178,0.048365977
0.33734378,0.044368744
-0.59490168,-0.14869128
0.4207305,-0.003314456
-0.55944288,-0.003314456
0.28309289,-0.014124647
-0.47468853,0.036954153
0.093576729,0.036954153
-0.95766455,-0.060661271
-0.20578203,-0.060661271
-0.17010388,-0.019369101
0.24794334,0.003278421
0.56679904,0.067849413
0.94206083,-0.003314456
0.48549882,0.02640279
-0.55363894,-0.036924314
-0.37884793,-0.003314456
-0.67443073,0.052356876
0.011731096,-0.003314456
-0.28491631,-0.003314456
1.1719636,-0.10946281
0.57514518,0.030419266
0.4206402,0.092291787
0.46157765,0.075834475
-0.13440178,0.028956061
0.28165057,-0.003314456
0.15484394,-0.054206185
-0.11873115,-0.003314456
0.98017693,0.043612342
1.9245747,0.041149631
0.29202595,0.018058794
0.56728703,0.099304698
-0.21906069,-0.003314456
0.30201468,0.11544254
-0.65523332,-0.11012467
-0.65523332,-0.11012467
-0.36293355,-0.003314456
0.67279506,0.14759478
-0.2003952,-0.026140438
0.1508992,0.020468201
1.8096569,0.11918565
0.11759416,-0.1153731
-0.063936256,-0.10133839
-0.18728425,-0.10293584
-0.21579474,0.028000144
0.033907823,-0.033057284
0.5391736,0.14630017
0.26434374,-0.027888469
-0.029045479,-0.027888469
0.873245,-0.037148841
0.99687397,0.047806431
-0.83634734,0.038698353
-0.64531398,-0.003314456
0.54060584,-0.003314456
0.62596774,-0.000704865
1.9261026,0.11801144
0.8612594,0.16842875
0.27697247,-0.034181032
-0.56011331,-0.003314456
0.45970789,-0.001807696
-0.22076128,0.017450983
-0.40483359,-0.071645111
-0.77900738,-0.003314456
0.72333962,-0.003314456
-1.275259,-0.003314456
-0.0004898,-0.003314456
0.46871823,0.05222483
-0.38169193,0.003081668
0.54115582,0.090276837
0.4652684,0.008041417
0.70663714,-0.003314456
0.26403284,-0.003314456
-0.38258597,0.031529665
-0.36420578,-0.003314456
-0.22596377,-0.003314456
0.33494255,-0.091031738
0.96899217,0.059441853
0.42301899,0.059441853
0.32597908,0.21915123
1.2665029,0.10883681
-0.36302447,0.10686915
0.95956141,0.054405
-0.1856889,-0.041454215
0.14112169,-0.003314456
0.096454196,-0.005685693
-0.063993804,0.004813955
0.5781855,-0.003314456
0.51579994,-0.003314456
-0.23173432,-0.003314456
1.0340374,-0.37306255
0.69500077,-0.003314456
0.90245354,-0.003314456
0.20162915,0.049407572
-0.25204924,0.000774512
0.10120942,-0.029619437
0.20068078,-0.003216311
1.1331191,0.036367994
0.21830808,0.064455539
0.53470999,-0.003314456
0.37161541,0.001253439
0.45933571,-0.036068559
1.4337314,-0.003314456
-0.16345862,-0.003314456
-0.55225128,0.038194947
0.3492505,0.077804722
-0.013584585,0.033101443
0.20363174,0.029315852
-0.4151181,-0.003314456
1.0284382,0.16408935
-0.11208624,-0.003314456
-0.63601524,0.097794682
0.24153046,-0.13316371
-0.49579275,-0.061207343
0.47610879,0.032407627
-0.42229173,0.016871683
0.27271211,0.033807438
0.95624554,-0.003314456
-0.042798735,-0.18717261
-0.037233666,-0.18717261
0.84431589,0.27156579
-0.075453408,-0.018531179
-0.016359413,-0.045345861
0.50565016,0.001942743
0.52191216,-0.07348951
0.53177488,-0.003314456
-0.35097709,-0.012052896
0.19578999,-0.12086028
-0.21729824,0.0274
-0.21729824,0.0274
0.95077693,0.12031886
0.83971673,0.11596968
0.95077693,0.12031886
0.63933086,0.086872205
0.099922575,0.24661937
-0.53467387,-0.067390673
0.27048147,-0.003314456
0.79848742,-0.002444643
0.46679005,0.04163105
0.19099903,-0.003314456
-0.46201801,-0.155674
-0.08867237,0.14585984
0.38161522,0.063317358
1.6456198,0.073635742
0.91894656,0.16004962
0.55759668,0.015660774
-0.1293651,-0.003314456
0.23472892,-0.003314456
0.20965301,-0.011231522
0.28368151,0.000833235
0.16817631,-0.000935588
-0.050706752,-0.003314456
0.068430066,0.031540483
0.067666136,0.18258454
-0.49841076,-0.14138043
-0.32258874,-0.16429742
0.8529675,0.040049244
0.54656452,0.18622266
0.13867253,-0.003314456
-0.34820652,-0.003314456
-0.25030982,-0.039516345
0.24352083,-0.11468819
0.16788413,-0.003314456
-0.50866139,-0.003314456
-0.45753774,-0.091627918
0.17814328,-0.002827529
-0.72571653,-0.003314456
0.18253665,-0.003314456
0.24121961,-0.015943594
0.77778351,-0.003314456
1.0150236,0.076581649
0.60870486,0.087596081
1.2120471,-0.023237886
0.39763322,-0.11252671
0.06739299,-0.11252671
0.47878131,-0.071131587
-0.11765473,0.006047997
-0.37369007,-0.003314456
0.30597702,-0.003314456
-0.2149677,-0.22711231
-0.086274721,-0.003314456
-0.21729833,0.025519939
-0.41830733,-0.003314456
-0.39114112,-0.096393064
0.67174095,-0.003314456
-0.28568971,-0.003314456
-0.29701176,-0.003314456
-0.28772461,-0.10381631
-0.26472968,-0.19547155
-0.013879385,-0.003314456
0.015594097,0.005970803
-0.009741461,-0.058670342
-0.48448801,-0.030992188
0.81075245,0.15426782
-0.30430949,-0.003314456
-0.56156832,-0.003314456
0.91682869,-0.003314456
0.030145891,-0.003314456
-0.014216108,-0.003314456
-0.61122233,0.015455079
-0.76920295,0.015455079
-0.094613887,0.16476934
0.20793962,-0.012069552
-0.15138379,0.11217112
-0.47561368,-0.003314456
-0.9490338,-0.003314456
-0.93525738,-0.003314456
1.2108264,-0.003314456
0.4881418,-0.003314456
-0.007604379,-0.003314456
0.18457973,0.014596286
-0.53109986,-0.004978334
-0.30855536,0.031704847
-0.44044551,-0.003314456
0.9845444,-0.003314456
-0.34048095,-0.003314456
0.65404314,0.39980212
0.31781998,0.077378929
-0.49333063,-0.003314456
0.4031724,0.039259203
0.31529844,0.079039961
0.21709476,0.29148608
0.24964309,-0.000610133
0.8417322,0.46992457
0.13569641,0.46992457
-0.19254462,-0.009697298
0.29326138,-0.003314456
0.1448617,-0.003314456
0.38785592,0.10774269
0.31201136,-0.003314456
0.44736776,0.08936318
-0.33497173,0.005624585
0.75084651,-0.013668796
-0.60234606,-0.003314456
0.92584431,-0.005922336
-0.22357011,-0.003314456
0.27218711,-0.003314456
0.42342219,-0.009259151
0.86190683,-0.009259151
0.96742874,0.024988234
0.48835218,-0.003314456
0.50598514,-0.003314456
-0.56195998,-0.003314456
0.40498722,-0.021760451
-0.36999679,0.010932
0.43894494,0.040495165
0.42586884,0.020842839
-0.039132576,-0.006560083
0.13268845,-0.039719936
-0.112648,0.047139525
0.63259023,0.20547497
-0.381394,-0.003314456
0.57432657,-0.003314456
-0.11849448,-0.042807467
-0.28515083,-0.003314456
-1.8242915,-0.003314456
-0.018885929,0.001483595
0.54851079,0.16166927
-0.1715923,-0.04363513
-0.19620509,-0.005645423
-0.24359982,-0.003314456
-0.32310587,-0.013054848
-2.7140677,0.19104558
0.60728461,0.042395841
1.1894754,-0.003314456
0.038548436,0.076800443
-0.21137337,-0.003314456
0.033770625,0.000653074
-0.082079187,0.016165936
-0.30183828,-0.003314456
0.6012671,-0.003314456
0.049180385,-0.003314456
0.1477491,-0.020693798
0.068693787,-0.056935575
-0.42332101,-0.053667318
0.42340937,0.083676577
0.38008654,-0.003314456
0.46310824,-0.081263833
0.26374304,-0.003314456
0.074791834,0.059425291
-0.3105495,-0.003314456
-0.069904149,-0.004456559
0.081762381,-0.003314456
0.22164354,-0.003314456
-0.0083978,-0.003314456
0.43136173,-0.021756815
-0.36070928,0.070798703
0.65644401,0.057823785
0.07884717,0.012257824
0.35473067,0.08871533
-0.076328784,-0.003314456
-0.10672483,-0.003314456
-0.41224945,0.069097601
0.41039714,-0.13048269
-0.31417307,-0.055193309
-0.50325304,-0.031825058
0.37190288,0.059339765
-0.55989981,-0.003314456
-0.5354355,-0.016766841
-0.308411,-0.097809069
0.66660988,0.00019288
-0.76114482,0.041519519
0.053746894,-0.025878731
-0.50211179,0.012847337
-0.47825694,0.010624901
0.55421418,0.16109529
0.52528304,-0.015890442
0.70330191,0.009879414
0.58625317,-0.003314456
0.92179996,-0.003314456
-0.43486854,-0.051069085
-0.39120838,-0.061589349
0.15268816,-0.071017042
-0.10837606,0.15765004
0.22188322,0.15042369
-0.24385192,0.018803503
-0.42093304,-0.003314456
-0.31653675,0.078439191
0.37687409,-0.003314456
0.035366472,-0.003314456
-0.15007406,-0.003314456
0.4372693,-0.003314456
0.95891082,0.074045286
1.548581,-0.003314456
-0.70574826,-0.02066857
0.31236869,0.18421954
0.9900738,-0.060641948
0.070627145,-0.060641948
0.14571837,-0.025376113
0.74823594,0.011265622
0.24701186,0.060350176
-0.47089067,-0.003314456
0.57442427,0.034553621
0.65698898,-0.003314456
0.94437861,-0.014511662
1.6156037,0.088053003
-0.35541734,-0.003314456
-0.39902294,0.012382969
-0.66794878,-0.003314456
-0.23796631,-0.003314456
-1.5347313,-0.074647591
-0.39949548,-0.0554168
-1.516682,-0.003314456
0.20547029,-0.1509963
0.16684482,0.088460959
0.32292491,-0.003314456
-0.31340599,-0.003314456
-0.077552043,0.066782422
-0.052297216,0.11411384
-0.2421082,-0.16859491
0.43514788,0.007985928
-1.8131815,-0.064642541
0.26059347,-0.036583435
0.58716112,-0.002584013
0.42822582,-0.002584013
0.059575848,0.050860759
-0.38511792,-0.044511177
0.64149934,0.11767136
-0.001670692,-0.000590036
0.81925601,-0.003314456
-0.082054943,-0.003314456
0.084174238,-0.03734925
-0.075290747,-0.003314456
0.7090295,-0.003314456
-0.5539465,-0.073692113
0.82059038,-0.003314456
0.27691969,0.068647884
-0.68868196,-0.12657006
-0.41446638,-0.03046532
0.28331864,-0.011478039
-0.00906191,0.070079111
0.082067229,0.070079111
0.29952431,-0.003314456
0.061010316,0.059441797
-0.056201007,-0.098488271
-0.52982324,-0.098488271
0.01596719,-0.21210979
0.83105153,0.012364866
-0.25869098,-0.21028054
-0.97890174,-0.003314456
0.64447892,-0.003314456
0.41112143,0.087918758
1.1634328,0.15705879
-0.49601212,0.08038085
-0.52824819,-0.003314456
0.4511185,0.096473441
-0.27874896,0.006021534
-0.5127002,-0.16883159
0.54009622,-0.003314456
0.70530009,-0.003314456
0.12471036,0.039990306
-0.28094205,-0.032134362
1.0552794,-0.019778596
-0.12187215,0.018360769
0.94812137,0.003775212
0.11061362,0.12400131
0.26056695,0.022671649
-0.33399597,-0.003314456
-0.80848813,-0.003314456
-0.23627199,-0.003314456
-0.38907596,0.2308218
0.80224955,-0.003314456
0.80224955,-0.003314456
0.80224955,-0.003314456
0.15851586,0.004116243
1.2828108,0.11679304
-0.29952148,-0.062951826
-0.075791657,-0.062951826
0.81263399,0.15976934
-1.0046996,-0.003314456
-0.48155504,-0.003314456
-0.31279519,-0.015728928
0.28028232,0.027827684
1.2680848,0.21347141
0.52923292,0.090890326
0.088992342,0.13665551
0.59272897,-0.003314456
0.35328808,-0.003314456
-0.040635437,-0.083688013
0.22621256,-0.047155812
-0.24154767,-0.003314456
-1.4281279,-0.003314456
1.1663984,-0.003314456
-0.35043687,-0.019892907
0.26802799,-0.003314456
-0.34597027,0.00392698
0.058271158,-0.006276323
0.57818151,0.001888882
0.58525461,-0.003314456
-0.76269126,-0.003314456
0.12899369,0.024344029
0.58668798,-0.033619009
-0.4326297,-0.063331351
0.36135086,-0.003314456
-0.14216964,-0.003314456
-0.17152843,-0.003314456
-0.36480042,0.001439867
-0.19576542,0.042091127
0.38918886,0.093864664
0.055080503,-0.003314456
0.14842719,0.081051894
0.20584264,-0.003314456
-0.99253953,-0.12175746
-0.44795674,-0.10716243
-0.18045264,0.040290188
-1.0692277,-0.003314456
-0.10161629,-0.003314456
-0.38949463,-0.003314456
0.81868666,-0.1632127
-0.60795665,-0.15595178
0.026418908,0.004481352
0.26231337,-0.003314456
0.5136165,0.014553099
-0.37387872,-0.085789137
0.083086431,-0.1802249
-0.24349876,-0.05310097
0.13650914,-0.056712221
0.39126876,0.0236167
0.83468026,-0.003314456
-0.41657782,-0.11832454
-0.50243294,-0.03226136
-0.39941812,-0.03226136
-0.41748375,-0.26285556
-0.72254217,-0.044033319
0.16211139,-0.033419393
0.67302626,0.082592189
-0.38738891,-0.024737304
-2.9023035,0.039943546
0.058986448,-0.003314456
0.25830433,-0.086561762
-0.34120199,-0.10572846
-1.3598589,0.063993834
0.20167255,-0.25718075
-0.61622274,-0.2654545
-0.1253574,-0.055131916
0.52346104,-0.003314456
0.2340786,0.010494195
-0.29010996,-0.003314456
-0.59301823,-0.003314456
0.30781806,0.064788572
0.3013092,0.024892963
-0.000207727,-0.02799347
-0.1778837,-0.14558198
-1.7483281,-0.003314456
1.1366111,0.10501701
0.44065332,0.12380423
0.46791527,-0.02923782
-0.18645138,-0.1008788
-1.1303904,-0.003314456
-0.60831952,-0.085702606
0.64946795,-0.003314456
-0.74082851,-0.003314456
-1.0360364,-0.003314456
-0.52489489,-0.003314456
0.19059332,0.069088638
0.19168285,-0.003314456
-0.35242522,0.082577139
-0.34347758,-0.032372244
0.12518834,0.07726945
0.61405283,-0.14496039
0.45552647,-0.003314456
-0.29206711,-0.15415154
-0.085882008,-0.20844944
-0.286044,0.016373372
-0.19365257,-0.003314456
-0.48303545,-0.038844801
-0.38639084,-0.038812585
-0.98656774,-0.16559251
0.17965958,-0.003314456
0.13529758,-0.003314456
-0.32013854,-0.36453837
0.10309192,-0.36453837
0.25462064,-0.039715718
-0.023981232,-0.003314456
-0.70864516,-0.11387265
0.13585803,-0.003314456
-0.20595168,0.008398361
0.10547252,-0.003314456
-0.66345233,-0.15694191
0.51325995,-0.003314456
0.88082892,-0.003314456
-1.3815269,-0.003314456
0.89428443,-0.003314456
-0.7990784,-0.003314456
0.20239869,0.076723084
-0.43172321,-0.14484091
-0.91014493,-0.003314456
-0.44572723,-0.061039142
-0.11650037,-0.003314456
-0.29167902,-0.003314456
-0.48869443,-0.003314456
0.09801621,0.056219656
0.47855628,-0.064729773
-0.1350431,-0.003314456
-0.207027,0.034728877
-0.21344507,0.049107853
-0.035801057,-0.031227648
-0.59828812,-0.022027109
-0.4284398,-0.055729207
-0.22363304,-0.003314456
0.16927922,0.037477292
0.57818407,-0.003314456
-2.4794514,-0.033210292
0.58679175,-0.003314456
0.21090665,-0.003314456
-0.41131252,-0.003314456
-0.41131252,-0.003314456
-0.17172758,-0.003314456
0.30252546,-0.003314456
-0.25960642,-0.032597791
-0.84049171,-0.10096888
-0.0131935,-0.04718291
2.1726992,0.16179551
-0.38377103,-0.008360337
0.11418024,0.13792874
-0.017124174,-0.003314456
0.38435772,-0.003314456
0.41613615,-0.003314456
-0.17214532,-0.003314456
0.42618582,-0.003314456
-0.4946157,0.073491201
0.67720616,0.03070702
0.11952715,0.037518829
0.42571378,-0.004488229
-0.28033879,-0.004660142
-0.25718018,-0.00543066
-0.56620657,0.015704062
-0.12941763,0.024707977
-0.17803866,0.10526983
-0.39786151,-0.017935416
0.57603228,0.031096084
0.25333223,-0.0322567
0.80350989,0.018705724
0.43161932,0.014183392
0.51560581,-0.003314456
-0.12805407,-0.050104726
-0.52877468,-0.058215544
0.054669775,-0.065856732
-0.2518284,-0.00898064
-0.77000451,-0.021140177
-0.16987795,0.027229289
-0.46548548,-0.003314456
0.14025268,0.046258777
0.04247487,-0.037247986
0.86325806,0.079540059
-0.47893685,-0.024632068
-0.30428097,0.039968614
1.2887741,-0.13054627
0.058234271,-0.003314456
0.52063483,-0.003314456
0.3984814,0.13527165
-0.038754586,-0.035009202
-0.11132559,0.092178077
0.1073947,-0.003314456
0.070132241,-0.003314456
-0.24295665,-0.060807992
-0.61975354,-0.003314456
-0.043370176,-0.056935288
-0.67247194,-0.003994849
-0.218541,-0.003314456
-0.17566629,0.036194425
-0.18954569,-0.04872131
-0.45798406,0.024419973
-0.6845277,-0.003314456
-0.20380038,-0.022751121
0.34258866,0.01699177
0.62434697,0.005186481
-0.210749,-0.009162607
-0.21945432,-0.009162607
1.4277803,0.25565329
0.076596119,-0.003314456
-0.32265663,-0.034046918
0.025735006,0.052344222
-0.08757668,-0.024775222
-0.1263275,-0.099692397
-0.098699979,0.01387294
0.49145114,0.052802496
-0.11400449,-0.003314456
0.61079711,0.005807678
-1.0016743,-0.003314456
-1.032143,-0.02477142
0.15589383,0.042483836
-0.27359015,0.048033997
-0.013168075,-0.054965142
0.36767301,-0.003314456
1.1735066,-0.003314456
0.36767301,-0.003314456
1.1735066,-0.003314456
-0.21604143,-0.13198693
-0.25841722,-0.00086441
0.73478836,0.019024204
-0.26844364,0.009131204
0.59287757,-0.003314456
-0.2529847,0.028250119
0.055027694,0.15936016
0.49494871,0.011761502
0.56333351,-0.003314456
0.19978698,0.00307849
-0.25549391,-0.10881225
-0.92917359,-0.015674209
0.01692971,-0.097314119
-0.3110725,-0.015187481
1.0711173,-0.003314456
0.11106677,0.040660422
-0.15568353,-0.003314456
-0.34512836,-0.003314456
0.64109123,-0.013446067
0.087240182,-0.007669275
-0.1324999,-0.05535512
-0.02233527,-0.068680771
0.45251396,0.032328516
-0.60436356,-0.069359712
-0.50183755,-0.056217503
-0.27355832,-0.003314456
0.60412377,-0.003314456
-0.47562909,-0.003314456
-0.38088498,-0.036657404
0.46869022,0.017136252
0.31507844,0.15286416
-0.452519,-0.089835785
-0.0950455,-0.003314456
0.12358349,0.056377906
-0.18213701,-0.037358347
0.64815146,0.064399287
0.21785913,-0.048101638
0.001633778,-0.068649031
-0.10661162,-0.003314456
0.64851195,0.092900425
0.58667284,0.053728186
-0.099373765,-0.098720834
-0.31343204,-0.003314456
-0.45872375,0.04413474
-0.84293061,0.006403229
1.4680419,-0.015729986
0.59950918,-0.015729986
0.074979968,-0.001760099
-0.13358139,-0.065669037
0.44126043,-0.003314456
0.31537583,0.01620467
0.15875515,0.11081698
-0.45451796,-0.003314456
-0.32361114,-0.003314456
-0.029412501,0.015800493
0.27333012,-0.003314456
0.21906644,0.037950039
-1.0283097,-0.003314456
0.91425538,-0.003314456
-0.13861319,-0.080402538
-1.2008033,-0.0632599
0.012931827,-0.003314456
-0.66055423,-0.003314456
-0.004462432,0.045857269
1.1097335,0.056272157
-0.29132116,-0.06910298
0.37011522,0.018615702
0.92355007,0.087336823
-0.27772522,-0.022684593
0.38478148,-0.095774338
0.49903938,-0.003314456
-0.21592022,-0.003314456
0.60323018,-0.003314456
0.90862578,0.12868772
0.24420148,0.021750189
-0.26081541,-0.003314456
0.34542987,0.13108253
-0.052012727,-0.003314456
-0.14749095,-0.10168496
0.41272232,-0.049911592
-0.3835749,0.042733002
0.84498018,0.15225229
0.23235895,0.055916306
0.89798152,0.17614178
0.52904862,0.020029681
0.82574916,0.002593853
0.53028971,0.019566951
-0.45334771,-0.050121065
0.23230524,-0.041019365
1.3585068,-0.023938965
0.43998787,-0.003314456
0.60530043,0.012949601
1.0023648,0.12079868
-2.4655318,-0.10739857
1.6993904,0.14951095
-0.047457755,-0.018693274
0.63604355,-0.003314456
0.02540561,-0.003314456
-0.55735642,0.035345878
1.0063859,0.058015771
-0.17364745,-0.003314456
-0.19750229,-0.003314456
-0.31097233,0.098916709
0.36392057,0.1346671
-0.44800591,0.016270768
1.07953,0.14626181
0.69132036,-0.003314456
-0.10743751,-0.12472719
0.39080083,-0.003314456
0.11530998,-0.002981172
0.4362185,-0.002981172
0.1853804,0.073312566
0.18958454,0.073312566
0.48398745,0.34913364
0.23029682,0.041504484
1.112323,0.084631249
-0.50376165,0.00309813
0.96183604,-0.010083958
-0.14444423,-0.012032662
-0.36557233,-0.077851228
-0.24470922,-0.006034873
-0.12927411,0.005712041
0.11208012,0.023898939
-0.030780984,-0.003314456
-0.09910211,-0.003314456
0.60321915,-0.003314456
-0.60117418,-0.003314456
-0.45438653,-0.003314456
-0.15077446,-0.028125124
0.82087225,-0.006446488
-1.1507007,-0.036381181
-0.43061543,-0.010973936
-0.26261795,0.00856958
0.47689843,0.018633692
-0.35786051,-0.003314456
-0.13960893,-0.003314456
1.7926,-0.014241538
-0.088799819,-0.003314456
0.65133178,0.071686037
0.66961402,0.22288325
1.3392737,-0.003894128
-0.26063144,-0.003314456
-0.4225291,0.12254136
0.13504398,-0.025963508
-0.27257836,-0.007741537
-0.82059842,-0.003314456
0.47551343,-0.003314456
0.26200646,0.013009618
-0.77348256,-0.003314456
-0.6942085,-0.003314456
-0.69524324,-0.003314456
1.2074854,-0.003314456
-0.51788121,-0.0673742
-0.51445127,-0.073817767
0.22622848,0.094643123
0.34385851,0.084543072
-0.23978354,0.004391896
-0.95304114,0.12291356
-0.57836491,0.02248391
-0.37917495,-0.003314456
-0.58182794,0.028421411
-0.43140838,-0.11080709
0.25103122,-0.003314456
0.45261329,-0.003314456
-0.13884152,-0.003314456
0.81428903,0.12179982
0.46858016,0.06580323
0.26199901,0.080988601
-0.4228169,-0.033358183
0.11237307,-0.003314456
-1.2619202,-0.003314456
0.38596815,-0.003314456
0.004438662,-0.003314456
0.23772824,-0.003520277
0.30392694,0.019063342
0.644104,-0.003314456
-0.26912406,-0.003314456
0.22013733,-0.000486557
0.19508272,-0.003314456
0.64841092,-0.003314456
-0.01924043,-0.003314456
0.22939372,-0.003314456
0.53486586,-0.003314456
1.2299451,-0.003314456
-0.37767714,-0.032999571
-0.16662787,-0.003314456
0.19962855,-0.003314456
-0.21848692,-0.003314456
0.18446885,0.014150431
0.80400509,-0.003314456
-0.183385,-0.070940308
-0.28854483,-0.003314456
-0.20876509,-0.003314456
-0.5847162,-0.003314456
-0.30037266,-0.14211059
0.2522634,0.02220873
0.15507965,0.010561869
0.71037328,0.083180636
0.432836,-0.044166315
-0.69888496,-0.003314456
0.003106405,-0.048917122
0.6938765,-0.003314456
0.23747386,-0.013042249
0.45716715,-0.003314456
0.66712606,-0.003314456
-0.18608008,0.08470732
0.79316753,0.0294734
0.90425545,-0.003314456
0.35190105,0.014072682
0.90930498,-0.003314456
0.35190105,0.014072682
0.095769539,0.054136343
0.3026216,-0.003314456
0.23793976,-0.003314456
0.48011652,-0.003314456
0.67957801,-0.003314456
0.71808213,0.025002535
-0.20598659,-0.049111951
0.28682604,0.017177761
-0.18174662,-0.042529479
0.075350583,0.10343924
-0.5156014,-0.028388103
0.19570734,0.0664398
0.93383354,0.018306863
0.88407779,-0.063088134
-0.11842429,0.052093711
0.041992899,-0.045411922
-0.66383052,-0.003314456
0.50774229,-0.003314456
0.21072172,0.13279863
-0.01101781,-0.003314456
0.58925742,0.057767298
0.55877739,0.018406436
0.4607259,0.11902679
0.76036823,-0.003314456
0.79636025,-0.003314456
0.21267048,-0.003314456
0.10553443,0.076933853
0.41299701,0.041242614
0.76689202,-0.003314456
0.16940884,-0.003314456
-0.23470812,-0.003314456
0.58466399,0.034802515
-0.2953974,-0.043647505
0.71033305,-0.003314456
1.1431676,0.040010154
0.12996891,0.097790457
0.44954458,-0.003314456
-0.14239405,-0.003314456
0.68457395,0.02949824
0.70666307,0.021015361
0.29921925,-0.003314456
0.50583154,-0.003314456
0.024801718,0.020449519
0.037244394,-0.003314456
1.0262218,0.14548799
0.57454491,0.090150155
0.44087559,0.076519817
-0.76272678,0.033584513
0.74713433,0.07166753
-0.40431815,-0.010624036
-0.52727282,-0.046643041
-0.48085719,-0.003314456
-0.78920197,0.072114646
0.15388973,-0.023815393
0.035716642,-0.017228175
-0.4939408,-0.003314456
0.50353062,-0.008814456
-0.066942014,0.031772215
-0.89082956,-0.003314456
-0.38829088,-0.025487715
0.54953617,-0.1207553
-0.048360389,-0.003314456
0.59572345,0.094966032
-0.27731395,-0.020661807
-0.2125129,-0.003314456
0.19167778,0.066878237
0.090552241,0.02561494
0.57031232,-0.003314456
-0.52178609,-0.052025281
0.5576843,-0.014363265
-0.7013694,0.018564537
-1.3997455,0.018564537
-0.27477187,-0.063943915
0.43391746,0.1031998
-0.011138877,-0.23011297
0.10470934,0.001501801
0.10470934,0.001501801
0.072838672,0.053089481
0.04946528,-0.003314456
0.005090885,-0.016486969
-0.16085707,-0.003314456
-0.24311958,0.077783093
-0.44186878,-0.00921739
-0.47435078,-0.031235401
-0.52765363,-0.003314456
0.51777714,0.027568704
0.27314845,-0.003314456
0.72304827,0.22324365
-0.41073051,-0.007355022
0.08017081,0.019383552
-0.028094888,-0.065330841
0.34976521,-0.076413661
0.023171166,0.30383301
0.78298473,-0.003314456
0.3372083,-0.020181833
-0.87033767,-0.020181833
0.46097773,0.08620739
0.026622539,-0.003314456
-1.0189695,-0.049625162
0.22962464,-0.049625162
0.30281654,0.049325772
0.041559767,0.008080738
-0.14962634,0.16734554
-0.3074272,-0.001744244
0.67336047,-0.097922832
-0.1187266,-0.11881214
0.63536924,0.020802299
0.92127848,-0.003314456
0.7574119,0.17511363
0.95513123,0.017973699
-0.09845823,-0.13672844
0.96835554,0.088912129
-0.40341869,-0.003314456
0.17423958,0.02644708
-0.149643,-0.003314456
0.18850099,0.056693513
0.68301487,-0.003314456
0.52298999,-0.11879092
0.2191931,0.037204266
-0.26020738,-0.001427149
-0.17528613,-0.003314456
0.15492982,-0.003314456
1.0516846,-0.003314456
0.37855998,-0.003314456
1.068487,-0.003314456
0.2614772,-0.008428127
-0.31074256,-0.003314456
0.068855703,0.021495476
-0.76872396,-0.003314456
0.2338625,-0.016931381
1.0032396,0.000109277
-0.25768688,-0.08815527
-0.25768688,-0.08815527
-0.21212333,0.012974669
0.65757334,0.062764756
0.96049285,-0.015941
-0.48103303,-0.003314456
-0.29445693,-0.040288083
-1.6229947,-0.003314456
0.35447964,0.056529786
0.33586955,-0.010095604
-1.0862114,-0.030740296
3.1965129,-0.22828971
0.28919381,0.039042234
1.1021478,0.091843106
0.15590121,-0.003314456
-0.23591103,-0.003314456
-0.024265537,-0.003314456
0.15092872,0.10890067
-0.83700627,0.004422966
-0.71841574,-0.003314456
-0.063135006,-0.34808001
0.15502825,-0.003314456
0.36992502,0.080646299
1.0923175,0.076580159
0.14553779,0.048703283
0.42234761,-0.16372097
-0.055272441,-0.003314456
-0.16734965,-0.003314456
0.47661054,-0.13419247
-0.16627072,-0.067499533
-0.44593215,-0.003314456
0.54330271,-0.056489889
0.46471474,0.1514726
-0.32018927,-0.003314456
-0.69380093,-0.088022865
-0.081947535,-0.010854424
0.50383466,-0.019780142
-0.61584193,-0.003314456
-0.59644353,0.047809403
0.58910835,0.13471325
0.51564413,-0.003314456
0.61117303,0.0462148
-0.21367146,-0.003314456
-1.8408102,-0.003314456
0.49420291,0.054099344
0.16494395,-0.061032578
-3.3230469,-0.003314456
-0.33603805,-0.093253292
0.92379141,-0.008123927
0.78516603,-0.003314456
-0.34039414,-0.018582184
-0.096308932,-0.003314456
0.25413817,0.005606777
-0.72316033,-0.003314456
0.31558362,-0.011033434
-0.18410607,0.13398418
-0.26900086,-0.003314456
-0.61783701,-0.003314456
0.18328857,-0.003314456
0.29089728,-0.003314456
0.020851918,-0.17976986
-0.25906074,-0.003314456
0.52099162,-0.36288506
-0.58505565,-0.028398188
-0.64050627,-0.003314456
0.82883233,0.021521362
0.82723504,-0.003314456
0.31760398,-0.003314456
0.000251709,-0.003314456
0.57878011,0.078204826
0.41235638,0.091064177
-0.37672457,0.1083205
-0.26625258,0.10319471
0.32461703,0.031322688
0.33312252,0.08885625
-0.24188305,-0.003314456
0.63669431,0.057579413
-0.46720546,-0.003314456
-0.6892361,0.053302355
0.74392122,-0.003314456
0.40114129,-0.003314456
-0.1057604,-0.003314456
-0.31923446,-0.039630022
-0.35538602,-0.003314456
0.46397072,-0.086949423
0.41356936,-0.003314456
-0.4771516,-0.12521602
-3.0307784,-0.003314456
-0.39038864,-0.028871506
-0.50540859,-0.003314456
-0.56119841,-0.010779181
-0.55707705,-0.20111896
0.08724831,-0.003314456
-0.6731661,-0.052211657
-0.45799747,-0.071670301
0.15369882,-0.066652641
0.61277503,0.059231285
-0.43455425,-0.052926954
0.02963989,-0.10995464
0.60746855,0.10049741
-0.25772631,-0.033437122
0.076151825,0.036814298
-0.24850972,-0.19119343
-0.44433129,-0.007556083
1.0436783,0.050648805
0.6537894,0.13136816
-0.41326085,-0.003314456
-0.28679612,-0.027989756
-0.17632413,-0.020639561
1.0442625,0.024362741
-0.17719145,-0.003314456
0.54984164,0.01483284
0.049574234,-0.003314456
0.06238332,-0.043505333
0.185682,-0.003314456
-0.70588607,0.034048837
-1.2948624,0.034048837
-0.23081276,-0.043622781
0.30036479,-0.054497
-0.36086127,-0.003314456
0.61409128,-0.003314456
-0.24131298,-0.15029034
-0.055465277,0.057361197
-0.023792515,0.047783289
0.22135442,-0.003314456
0.17996821,-0.003314456
-0.6795873,-0.003314456
-0.086709261,-0.003314456
1.0096239,-0.003314456
1.0096239,-0.003314456
0.18020158,-0.003314456
0.12218682,-0.003314456
0.043687262,-0.003314456
0.20657107,-0.003314456
-0.00414882,-0.003314456
0.024465382,-0.003314456
-0.22777872,-0.084981881
-0.31125861,-0.003314456
-0.28206632,-0.003314456
-0.42742968,-0.003314456
0.56593412,-0.003314456
-0.44573611,-0.044526484
0.007428511,0.032271005
-0.14437638,-0.069966093
-0.38284764,0.064747728
-0.55572903,-0.003314456
0.024621168,-0.028787142
-0.80863988,-0.026893305
-0.30203751,-0.003314456
0.73714769,-0.003314456
0.47984955,0.13271178
0.24138391,-0.015796307
1.2218844,-0.02807992
-0.2381829,-0.003314456
-0.37016782,-0.003314456
0.31834358,0.047448289
0.16869675,-0.003314456
-0.90617651,-0.060829706
0.023678092,-0.003314456
-0.68918985,0.00239192
-0.53059959,-0.003314456
0.96214658,-0.075317368
0.16801298,0.006784642
-0.12793808,-0.003314456
0.50362992,-0.11480284
-0.062368818,0.020755347
-0.3393535,-0.003314456
0.61605948,-0.003314456
0.94973612,-0.007284954
0.74581009,-0.02440461
-0.20452791,-0.003353145
-0.067238204,-0.35542113
-0.65319264,0.058460426
-0.14302273,-0.003314456
0.72701085,-0.032258131
0.94591647,-0.003314456
0.085434437,-0.003314456
0.000212176,-0.25910497
-0.28815508,0.18381409
0.43337938,-0.003314456
0.61626297,-0.003314456
-0.29444176,-0.003314456
0.24151066,-0.006684607
-0.95104969,-0.008438106
0.19110459,-0.18171127
0.24385555,-0.051228769
0.19288871,-0.003314456
0.67203087,-0.003314456
0.035396136,-0.003314456
-0.85024333,-0.098313294
0.85778731,-0.003314456
0.24391808,-0.003314456
-0.21172103,-0.11905656
0.80572551,-0.003314456
-0.48099715,-0.003314456
-0.26579046,-0.003314456
-0.4927381,-0.003314456
0.51381147,0.12521781
-0.40061691,0.010121516
0.044611234,-0.003314456
-0.39547515,0.07495153
0.4898054,-0.020966783
-0.37915611,-0.003314456
-0.76900494,-0.046995852
0.00628471,0.003307601
0.10596804,0.003307601
-1.037655,-0.056122381
0.77957064,-0.003314456
0.059590127,0.017433308
-1.0198421,-0.031428471
-1.4927378,-0.003314456
-0.35456067,-0.024093898
-0.34872821,-0.024093898
-0.17852138,-0.04942536
-0.008069026,0.073280811
-0.34472933,-0.003314456
0.12173621,-0.000698688
-0.57257921,0.006401224
-0.17471842,-0.003314456
0.35624743,0.11773092
-0.24059851,-0.003314456
0.16576423,-0.018915419
0.19326222,0.000276408
-0.75675833,0.000276408
0.73721224,0.008703375
0.30411974,-0.099171609
-0.082897037,0.083129518
-0.1063987,0.20489843
-0.25971368,-0.23113582
-0.33926845,0.16464776
-0.5334726,-0.020421214
-0.38025957,-0.095241874
1.2701563,0.082671471
-0.40922847,-0.055578515
-0.18016575,-0.044201627
-0.09626805,-0.003314456
-0.38014331,-0.0619145
-0.74595207,-0.003314456
0.34476048,-0.00181747
0.91458666,-0.1564655
-0.056313619,-0.040469751
-0.70341069,-0.003314456
0.12269606,-0.11357791
-0.26304358,-0.003314456
-0.22197473,-0.097152777
-0.22197473,-0.097152777
0.30368149,-0.13542771
0.47152236,0.13089786
0.060620736,-0.003314456
-0.38171807,0.005856385
0.76878089,0.11221368
0.70133489,0.09388148
0.46269608,-0.003314456
0.69688225,-0.091129705
1.2238389,-0.003314456
-0.36476958,-0.06117348
0.28976041,-0.19384994
-0.69972563,-0.003314456
-0.32138544,-0.052433711
-0.85443437,-0.003314456
0.074651629,0.062018473
-0.044666205,-0.003314456
0.26259729,-0.042205937
-0.15292504,-0.045740761
0.68596017,0.10207167
-0.74431896,0.050925482
0.4206771,0.050054681
-0.59949124,-0.003314456
0.30661947,-0.003314456
0.000502572,-0.003314456
-0.22048029,-0.045096457
-0.20050086,-0.055371985
0.55549932,-0.047279302
0.67925936,-0.003314456
0.87067932,-0.003314456
-0.004432075,-0.018139554
-0.11424526,-0.09693969
0.85649449,0.003597979
-0.056785155,0.002114495
0.7756635,-0.037900716
-0.41997907,-0.003314456
0.054098956,-0.085019954
-1.4949853,-0.003314456
-3.3657253,-0.000315645
0.29186052,-0.043349143
0.95837802,-0.07696078
-0.69249725,0.032689676
-0.23917377,-0.003314456
0.49515966,0.001697491
0.54545188,-0.003314456
0.54663843,-0.014701378
0.38891971,-0.003314456
-0.64622611,-0.042661712
-0.038652238,0.047560591
1.5730203,0.053370345
-0.19180477,-0.008512484
0.11033175,-0.003508207
-0.28681034,-0.035074554
-0.35397515,-0.035074554
-0.075200588,0.029134676
0.46235994,0.028467614
0.22423071,-0.003314456
-0.050336514,-0.003314456
0.18014807,-0.003314456
0.47910273,0.26416484
0.54600382,0.046584059
0.45889643,-0.003314456
0.71160966,0.21762501
0.12767264,-0.003314456
-0.15771393,-0.11074521
0.21883631,0.13325827
0.15097518,0.044389226
-0.50031459,-0.003314456
-0.32516801,-0.003314456
0.086891569,0.050497685
-0.1055292,0.047378119
-0.21854293,0.015241225
-1.1414434,0.001085709
-0.41637823,-0.003314456
0.56353265,-0.080232978
0.88122165,0.026547268
0.4337045,0.033834729
0.38965511,-0.003780166
0.47883999,0.026871318
-0.063202128,-0.091559395
0.16939962,-0.003314456
0.45254177,-0.072823502
-0.26752946,-0.003314456
0.18247308,-0.011854617
0.030616328,-0.003314456
-1.0317135,-0.003314456
-0.58742452,-0.003314456
-0.24060158,0.05821934
-0.16987902,0.05821934
-0.24060158,0.05821934
-0.16987902,0.05821934
-0.32533348,-0.095283441
0.57935637,-0.003314456
-0.47361958,0.026641008
-0.23740174,-0.003314456
-0.4023377,-0.087035492
0.58708221,-0.003314456
0.003315657,0.024223145
-0.57274872,-0.011622892
1.4783473,0.093498863
-0.41847456,-0.13190782
-0.37803173,0.2197253
0.33582798,-0.062766626
-0.91773701,-0.003314456
1.1050196,0.096091345
0.92676556,-0.003314456
0.17941409,0.008585721
0.38827229,0.030198636
-0.79226804,-0.061528366
0.001964334,-0.046374638
0.029378459,-0.003472534
-0.21090752,-0.016656443
-0.33731854,0.004385653
-0.67042857,-0.003314456
-1.0080349,0.036913451
-0.34801641,0.000121525
-0.26498243,-0.003314456
-0.68708938,-0.003314456
-0.15311094,-0.003314456
-0.3152281,-0.15027514
0.23205136,-0.003314456
-0.42172602,-0.003314456
-0.038448665,0.000663664
-0.74336576,-0.003314456
0.54661846,0.068515934
0.7852425,-0.005020511
0.27137929,0.029445203
0.58451742,0.002295565
-0.11309373,-0.04755472
0.013148436,-0.002925194
0.013148436,-0.002925194
0.18611334,0.039978635
0.53638095,-0.001681572
-0.27449742,-0.048266288
0.72991693,0.048619132
0.85326493,-0.00081014
-1.2533447,0.030111982
-0.39902091,-0.054695025
-1.1931789,-0.016804811
0.38707104,-0.081347838
0.35587958,-0.081347838
-0.35446736,0.043367937
-0.089717813,-0.005241026
-0.99877727,0.01973724
0.070756562,-0.003314456
0.27334973,-0.003314456
-0.19850288,0.048826192
0.014640722,-0.004446676
0.51389557,-0.11005223
-0.80008709,-0.15155217
1.0064567,0.13853209
-0.59337479,-0.069355346
-0.62800282,-0.003314456
0.88904047,-0.003314456
-0.56231397,-0.003314456
-0.62052393,-0.056207657
0.091961533,-0.084173128
0.091961533,-0.084173128
-1.0328947,-0.012650195
0.65041566,-0.038783606
0.083746828,-0.19884226
-0.31631076,-0.003314456
0.55684632,0.16995399
-0.010310045,-0.003314456
-0.28134215,-0.005620044
-0.31884235,0.062442861
0.22417235,-0.003314456
0.19547284,-0.003314456
0.63899088,-0.1463208
-0.63119507,-0.061224237
0.19499598,0.098939396
-0.030320533,0.021777283
0.65536678,0.063152835
-0.075304098,0.005628967
0.34537354,-0.16356945
0.084411174,-0.16225408
0.041986458,-0.039704215
0.10486545,-0.042735822
0.53302157,0.049592357
-0.74035555,0.14668587
0.62315023,0.060871355
0.27547571,0.060871355
-0.19346596,-0.082838871
0.70231158,0.032922138
0.030686086,-0.003314456
-0.33782512,0.027641626
-0.005538789,0.069142297
0.42684123,-0.010795149
-0.83606899,0.014733923
-0.40246731,-0.095879659
-0.25849816,-0.003314456
-0.61344928,-0.07051269
-0.2040465,-0.03230042
0.18024702,-0.13057083
0.3420715,-0.13057083
-0.40886822,-0.10971726
-0.405563,-0.071175233
-0.58498597,0.043214209
0.61404687,-0.003314456
-0.96606272,-0.003314456
-0.20733514,0.1238094
0.53400385,-0.003314456
0.53400385,-0.003314456
0.3241252,0.029479565
0.11142897,-0.003314456
0.33419803,0.064940922
0.19614178,0.064940922
-0.085395403,-0.003314456
0.19393939,-0.003314456
-0.98548746,-0.003314456
0.18645991,-0.003314456
0.003184282,-0.003314456
0.002162361,-0.05970164
-0.47755331,0.023261987
0.27742562,0.012511033
-0.26022649,-0.03265566
-0.047557913,-0.024866665
0.46952951,0.023855874
-0.17723864,0.12016778
0.88430536,0.072507732
1.0878694,-0.000635684
0.5553329,0.078109056
0.11409376,-0.003314456
-0.28015009,-0.16976061
0.80500472,-0.003314456
1.2765293,0.11632221
-0.30253917,-0.003314456
-0.29824471,-0.062368445
-0.54560167,-0.019511109
0.061221369,-0.019511109
-0.30387083,-0.026709586
-0.19342604,-0.026709586
0.33504725,-0.003314456
0.27049562,-0.003314456
-0.17776632,-0.04785597
-0.35617706,-0.024721865
0.33015752,0.069727272
-0.11512085,0.015108033
0.60370052,-0.10421526
-0.19980806,0.009216474
0.27658913,-0.01358434
-0.20894597,0.057936005
0.7980209,0.04226546
0.41352057,0.031891193
0.15742719,-0.003314456
0.67384434,0.014591644
-0.073095024,-0.23903476
-0.15617688,-0.003314456
-0.36210471,-0.003314456
0.59041327,-0.065573439
1.1381898,-0.10927508
-0.063283496,-0.068864793
0.36410564,-0.042787381
0.63888931,-0.042787381
-2.0330317,0.32472304
0.029372953,-0.003314456
0.58581877,0.005404582
1.1501474,0.035864573
0.58531332,0.019525127
0.51081014,-0.002862799
1.2076553,0.1657286
-0.91745865,-0.003314456
0.99384719,-0.003314456
0.086724386,-0.011710376
0.26594189,0.010059412
0.28630549,0.048137423
0.52969444,0.06602446
0.63004458,-0.003314456
-0.10415232,-0.003314456
-0.41393003,-0.12809402
0.98361015,0.003423132
-0.38976869,0.078146197
0.26371819,-0.003314456
0.25145644,-0.003314456
0.44289511,-0.003314456
0.16479325,-0.031629425
0.46180519,0.15197283
0.57722455,0.14133587
1.0166532,0.18587476
-0.60014081,0.028396515
-0.12450052,-0.018773289
-0.8132664,-0.003314456
-0.085833333,-0.006099717
-0.38909864,-0.003314456
-0.15850796,-0.003314456
-0.26285464,-0.015512647
-0.28368795,-0.17382112
-0.10911477,-0.053402148
0.4333449,0.15509559
-0.49547687,-0.003314456
0.40435824,0.078084804
0.59795946,-0.003314456
-0.67052519,0.003843854
-0.12262064,0.025107268
0.30182901,-0.003314456
0.29633626,0.054362457
-0.26603222,-0.003314456
1.006368,-0.025468549
-0.22910662,-0.003314456
0.29495421,0.007522155
-0.31462935,-0.069919154
0.099102095,-0.023215136
0.076067038,-0.003314456
-1.151611,0.077101178
0.58862346,0.085318886
0.43710086,0.085770816
-0.25564176,-0.003314456
-0.29951391,0.028828582
6.38767E-05,0.001878764
-0.73917913,-0.003314456
0.094079845,-0.036768775
-0.56464243,-0.003314456
-0.85516387,-0.003314456
-0.063872665,-0.003314456
-0.031998534,-0.019468179
0.45404208,-0.003314456
-0.026473152,0.040395975
0.36766645,-0.003314456
0.67341286,0.043208629
-1.0479331,-0.003314456
0.6401785,0.10715616
-2.8925493,0.085506104
-0.034725696,-0.003314456
0.23732491,-0.003314456
-0.02188679,-0.12079217
0.18662649,0.11973973
-0.2086309,-0.011387949
0.15159823,0.026316293
-4.4289446,-0.005779585
0.10670717,-0.005779585
-0.49447858,-0.10818774
-0.32782772,0.039508577
1.0168134,-0.003314456
0.369241,-0.18447827
-0.38939017,0.083914012
-0.27277708,0.009345329
0.59706372,0.006389499
0.26954705,-0.003314456
-0.33361241,-0.024542337
-0.086219944,-0.085252151
-2.1488588,0.073261432
-0.55085081,-0.094858631
0.45362601,-0.001075929
0.020123135,0.004184171
-0.18557848,0.003529548
0.014618353,-0.003314456
-0.002908102,0.017614106
-0.66939282,-0.003314456
0.0190663,-0.02030544
-0.32739675,0.078386791
-0.30944654,0.078386791
-0.34063253,-0.003314456
-0.19679096,0.032198455
-0.19679096,0.032198455
0.19241157,0.012787555
0.31649894,-0.003314456
-0.087694921,-0.003314456
-0.27505025,-0.003314456
-2.2926919,-0.003314456
-0.066853866,-0.026433755
0.009217953,-0.003314456
-0.38712969,0.026131749
-0.089530148,-0.004749063
-0.61047184,0.000165897
-0.19819416,-0.075012043
1.1646389,0.017659275
-0.36249831,-0.003314456
0.12616724,-0.003314456
1.1181085,-0.003314456
0.74568689,-0.003314456
-0.045566946,-0.003314456
0.10509378,0.021226343
0.092760965,-0.081032105
-0.091066554,0.043851648
0.44934267,-0.003314456
-0.10592696,-0.017260144
1.1960295,-0.003314456
-0.21831264,-0.016466113
-0.016043475,-0.003314456
0.18955076,0.074311145
2.4644835,-0.003314456
0.33947378,-0.003314456
0.62352544,-0.003314456
-0.2853598,-0.003314456
-0.50341761,-0.003314456
0.29085881,0.22499143
-0.11761503,-0.003314456
1.2632024,-0.003314456
0.22512734,0.13572195
0.29874486,-0.003314456
-2.9649527,-0.014379768
1.3154023,-0.003314456
1.3154023,-0.003314456
0.46681869,0.028034842
1.2881682,-0.003314456
0.20753303,-0.008133555
-0.209969,-0.0042716
-0.48928598,-0.011287828
0.36363977,-0.003314456
0.37111011,-0.003314456
1.2101986,0.24263252
0.51728332,0.065002374
-0.42922124,0.013459927
0.49692267,0.108588
-0.3908712,-0.003314456
0.54363906,-0.003314456
-0.41369992,-0.014571637
-3.3316958,-0.109019
-0.48239326,0.009071903
-0.28247231,-0.007492146
0.78203088,-0.021257024
1.0024573,0.055637963
-0.17251001,0.089607157
0.51418048,0.023597052
-0.38923177,0.042647004
-1.1369247,-0.089378349
-0.84150398,-0.089378349
0.75443453,-0.020294009
0.68458873,0.17068496
1.1183101,0.004199097
0.63730282,0.12966903
0.16968001,-0.044997495
0.26274541,-0.023970049
-0.15805183,-0.003314456
0.54721427,0.14862008
0.11455521,-0.003314456
0.88913369,0.11129558
-0.24126515,-0.003314456
-0.13232128,0.085093856
0.2057436,0.041382879
0.82359278,0.10856673
-0.72682548,-0.059300546
0.62267953,-0.18260883
0.43200374,0.080365606
0.51074398,-0.012934648
0.25684795,-0.003314456
2.4975471,-0.003314456
0.98189187,0.01344839
0.1252341,0.064733826
-0.65591812,-0.003314456
-0.08582215,0.028540604
0.21205699,-0.054366481
0.3240203,0.17067902
0.66119325,-0.043823525
-0.61170352,0.15021081
0.43128684,-0.003314456
0.66833299,-0.052961759
0.4096061,-0.003314456
-1.5427905,0.079729639
0.5008269,0.079729639
0.013887377,-0.003314456
1.032637,0.011267496
0.17641586,0.041699868
0.035837669,-0.003314456
-0.59530729,-0.081945561
-0.17441344,-0.011690737
-0.17427617,0.016088989
-0.3077856,-0.003314456
0.1252725,0.052880991
-0.30928287,0.091484264
0.76816726,0.1210261
0.20061196,-0.14066978
-0.22166994,2.01896E-05
-0.26374218,-0.004144393
0.49019453,-0.003314456
-0.10065518,-0.2240532
-0.90367657,0.11471102
0.61938757,-0.003314456
-0.2900275,-0.003314456
0.17949905,-0.018650083
0.19230649,-0.003314456
-0.1898784,-0.003314456
0.22207166,-0.019128706
0.2084071,-0.003314456
-0.57634217,-0.022354122
-0.34753069,-0.015517181
-0.23474662,-0.059831847
0.72627735,0.004027851
0.91176283,0.15872818
0.88200051,-0.038753543
0.46559578,-0.003314456
-0.025261104,-0.003314456
0.4946053,-0.003314456
-2.8529074,-0.003314456
0.69944972,-0.003314456
0.21015021,-0.002178267
0.016458012,-0.003314456
-0.082436219,-0.003314456
-0.33405012,-0.003314456
0.79314363,0.022457788
-0.10482513,-0.003314456
0.23709317,0.051839661
-0.18207791,-0.15169431
0.55148149,0.005511468
-0.18096533,-0.009492818
0.25511983,-0.003314456
0.016470036,0.020948349
-0.76692069,-0.003314456
-0.20887296,-0.003314456
-0.063380025,-0.003314456
-0.51082957,-0.003314456
0.12718542,0.069185674
-0.47996292,-0.004242152
-0.22953171,-0.10144252
0.31094244,-0.003314456
1.1684041,-0.074892826
0.34133035,-0.003314456
0.65381527,-0.003314456
0.47902569,0.086448051
0.40353662,0.086448051
0.31654555,0.17753412
0.9424991,-0.003314456
0.35661513,-0.017176401
-0.086696051,0.085374296
3.46628E-05,0.003025813
0.076548204,0.0431052
-1.287846,-0.003314456
-0.062378708,-0.003314456
0.047776151,-0.064003669
0.13795765,-0.010566407
-0.91678351,-0.003314456
-0.51814884,-0.037881047
-0.1288451,0.032614589
-0.68633723,-0.003314456
-0.044065099,-0.003314456
-0.019688906,0.085288122
0.041099068,-0.003314456
0.28489366,0.007801662
0.015145885,0.022519674
0.29249606,-0.033683721
-0.32168117,-0.008397953
0.10973957,-0.008397953
-0.021166028,0.030029254
1.3133055,-0.003314456
0.38008541,-0.003314456
-0.52127081,0.039074589
-0.31872728,0.045145493
0.006951117,0.056999683
-0.22520146,-0.098424509
0.52733088,-0.003314456
-1.4469848,0.10805298
-0.2153089,-0.003314456
-0.11929718,0.045409739
-0.82920796,-0.057263505
-0.15173508,-0.003314456
0.19325909,-0.003314456
-0.48941597,0.023424326
-0.35471603,0.052781541
-0.27828354,-0.037885245
0.52131718,0.007608931
0.017728154,-0.060648162
-0.014874835,0.014821426
-0.1479588,0.027719466
-0.49843112,-0.003314456
0.7789802,0.063388109
-0.41453794,-0.045630656
0.27161059,-0.003314456
-0.27956027,-0.003314456
0.23850764,-0.014626692
-0.23608603,0.074457966
0.12893867,0.00728572
-0.27267903,-0.034372702
1.0389818,-0.003314456
0.1877602,-0.003314456
-0.31950113,-0.00340174
-0.14852853,-0.072049104
-0.16426972,-0.003314456
0.23613749,-0.003314456
0.49302137,-0.005729255
1.232971,-0.020812703
1.1580679,-0.007978075
0.82182074,0.088715106
0.047420379,0.00664466
0.32409453,-0.003314456
-0.16386092,-0.048181895
-0.16674519,-0.14447883
0.090664096,0.003652581
0.11586066,-0.044239651
0.27368805,-0.044239651
-0.45640805,0.094997033
-0.54090464,-0.003314456
-0.7117281,-0.01664502
-0.053149283,-0.011562266
-1.1817096,-0.003314456
-0.04658775,-0.009162135
0.58398008,-0.003314456
-0.29107746,0.070238605
0.72087246,0.055534136
0.11405604,-0.021163894
0.34033147,0.10743073
0.71075469,-0.045404378
0.2398359,0.012997146
0.21779543,0.00903044
0.21779543,0.00903044
-0.35133058,0.047002651
0.20975146,0.033813555
0.69993424,0.15561154
0.6058256,0.024419023
0.20572557,0.046833027
0.26882219,-0.1423171
-2.0254147,0.056345616
-0.06862323,0.018716317
0.029774325,0.018716317
-0.2056237,-0.003314456
0.24737044,-0.059296295
0.58603674,0.000954033
0.14783826,-0.081130989
0.38662478,0.007224032
0.30996031,0.046138261
0.96258211,0.076365791
0.32532233,-0.11626745
0.47681648,-0.003314456
0.26173383,-0.038722474
0.65382069,-0.038722474
0.55131996,-0.003314456
-0.35971192,-0.02211524
0.28003088,0.006982171
0.86159563,-0.14672816
-0.11612169,-0.003314456
1.1153213,-0.052563258
1.4370848,-0.13842359
0.50752145,0.002076364
0.31526121,-0.003314456
0.44094619,-0.003314456
0.30865875,-0.003314456
1.6700822,0.088790722
0.59354079,0.099840686
-0.37777275,-0.003314456
-0.24174269,-0.036171738
0.18741518,-0.025704857
0.085052341,-0.003314456
0.66083473,-0.000343819
-0.028001286,-0.03749904
0.19264643,0.004853241
0.039965823,-0.017922614
-0.10402749,-0.003314456
-0.64258754,-0.008649834
-0.64258754,-0.008649834
0.26013622,-0.003314456
-0.029883884,-0.003314456
-0.13238022,-0.003314456
-0.10599153,-0.003314456
0.40759867,-0.003314456
-0.98030758,-0.003314456
0.3436799,0.085082196
0.50965464,0.15422991
0.71888292,-0.003314456
0.032232165,-0.037067309
0.4045479,0.14297979
0.38019294,0.06237261
1.0539751,0.2932955
-0.24950458,-0.012645983
0.29814875,0.042171475
0.098415665,0.01325321
-0.27211359,-0.015480915
0.13100448,0.068019733
-0.17000882,0.068019733
0.219284,-0.003314456
-0.12075636,-0.018692112
0.70755786,-0.003314456
-0.40229213,0.17136966
0.088789038,0.027863203
0.44417036,-0.003314456
0.2181017,0.067905344
0.51795971,0.10362136
0.63792986,-0.003314456
0.17341447,0.004426162
0.59697294,-0.003898966
0.3642354,0.002127218
-0.023061272,0.035318647
-0.002927691,-0.011145595
0.80253482,-0.011731809
0.66945994,-0.23712406
-0.08879514,-0.02608298
0.42354891,-0.003314456
0.7162742,-0.003314456
-0.11540174,-0.040370163
-0.2998867,-0.003314456
-0.20093076,0.12535484
0.6449281,0.021919981
-0.51376879,-0.003314456
1.4509823,0.42287329
-0.1722884,-0.074033462
-0.28636709,-0.003314456
-0.23265438,-0.10679843
0.37162641,0.10136172
0.54301256,0.12383038
-0.53534508,-0.12020421
0.73672223,0.10323062
-0.28639311,-0.010834797
0.57896101,0.11762372
0.23054835,0.036824666
-0.34920859,-0.1606126
0.51580739,0.01816115
-0.50257641,0.034195345
-1.5911094,-0.084698975
-0.85538548,-0.003314456
-0.60567468,-0.018558344
0.65759432,-0.032423515
0.14157423,0.027632168
0.13355884,0.046400018
-0.77220726,0.008543594
0.28613809,0.061767124
-0.28428167,-0.13099886
-0.26239315,-0.14890914
-0.12016673,-0.12273967
-0.22658919,-0.034562007
-0.58950275,-0.003314456
-0.5055753,-0.22273929
0.75248247,-0.036106154
0.1905359,-0.003314456
0.11795282,-0.036640469
0.55533618,-0.003314456
-0.22170885,-0.17562425
-0.026099719,-0.019167619
0.20973624,-0.01556399
-0.067401871,-0.003314456
-0.76573622,-0.15218277
-0.010743134,-0.003314456
0.29563761,0.15646386
-0.5925321,0.024262173
-1.0103666,-0.154475
-0.65560883,-0.12997025
0.73506242,0.009312537
0.1405721,0.11783529
0.53898674,0.16941278
0.23821621,-0.023164487
-0.16563904,-0.057480469
-0.13455324,-0.042434108
-0.23670261,-0.003314456
0.096433952,-0.003314456
0.36839476,-0.003314456
0.56414849,-0.003314456
1.3068048,-0.003314456
0.11820864,-0.003314456
0.15372072,-0.052700717
-0.36278993,-0.043441385
0.30765975,-0.043441385
-0.26188242,-0.003314456
-1.1227274,0.037383284
0.66298914,-0.003314456
-0.34589681,-0.003314456
0.17003359,0.008440382
-0.41125515,-0.003314456
0.65612376,0.10078491
0.5665409,-0.003314456
0.51330453,0.012820266
-0.39468148,-0.003314456
-0.36943424,-0.029754512
0.99056959,0.024439972
-0.1637062,0.001324719
0.19061302,0.054518875
1.0260541,-0.061721999
-0.43709919,-0.018531095
0.026178481,-0.003314456
-0.4243027,-0.032205079
0.015337478,-0.01743814
-0.22508323,-0.074571349
0.72001761,-0.012605845
-0.25678799,-0.003314456
-0.027774274,0.037480611
0.6333608,0.10650545
0.47865722,-0.003314456
-0.006290148,-0.04208653
0.18757765,-0.077547356
1.168134,-0.023688592
0.17633939,0.009053619
-2.4784389,-0.003314456
0.077516988,-0.091226086
0.49017367,-0.091226086
0.70226783,-0.1027269
-0.44520113,-0.003314456
0.40827483,-0.058371138
-0.27080199,-0.003314456
-0.22610818,-0.006955767
0.87414891,-0.003314456
-0.18828577,0.15787132
0.51963866,-0.00596238
0.052212957,0.018302228
0.7558502,0.052022479
0.7558502,0.052022479
0.16118652,-0.003314456
-0.057263624,-0.022405736
-0.057263624,-0.022405736
0.39116573,-0.003314456
-0.20428495,-0.007351505
-0.095466614,0.10146743
-0.22492839,0.047400955
0.31958556,-0.003314456
0.5954119,0.064193308
-0.6803326,-0.003314456
1.831589,-0.003314456
0.18415315,0.074871995
-0.9233042,0.12271197
-0.33134967,0.0178643
0.096696533,0.084826566
-0.28215721,0.01849735
0.38530537,-0.012083279
0.43319935,-0.006858131
-0.33962357,0.000319683
0.79219621,-0.065788947
0.065862618,0.081803627
-0.078722551,-0.003314456
0.69831622,-0.003314456
0.15219331,-0.003314456
0.65736556,0.13178915
0.033957914,-0.003314456
0.066562332,0.038079858
0.28897101,-0.017981842
-0.11660253,-0.076414213
-0.64745462,-0.003314456
0.18592094,-0.028849497
-0.96284455,-0.071889825
0.82550365,0.066080593
-0.66297418,0.001426102
-0.63547617,-0.11680528
0.59720653,0.06304837
-0.024660749,-0.029353181
0.44961363,-0.016618313
0.13502079,-0.080548339
-0.042166319,-0.003314456
-0.79167116,0.008264956
0.55099922,0.13100451
-0.79823464,0.000645831
-0.13200909,-0.11130238
-0.1369708,0.026993999
-0.39773905,-0.06761121
0.27944344,0.070967734
0.73599249,0.11977237
-0.14337677,-0.003314456
0.45771226,0.1468543
0.67497075,0.086412735
0.19667894,0.01835382
-1.7005155,0.016123528
-0.45843747,0.12976485
-0.35732689,-0.003314456
0.53361028,0.17448851
-0.93850291,0.008455621
0.25220367,-0.003314456
-0.38862562,-0.10880879
-0.21252626,0.002351527
-0.47617945,-0.003314456
-0.070154041,-0.14583987
1.3172659,-0.003314456
0.41824353,0.050340697
0.65370059,-0.003314456
-0.60668832,0.027019303
-0.32451168,-0.11806882
-0.2801497,-0.043167077
-0.38805997,-0.068208978
-0.53962916,-0.077473238
-0.071966395,-0.003282959
0.26682898,-0.010392078
0.35649219,-0.007452391
-0.45050666,0.056909345
0.39335096,-0.047975741
0.090791829,-0.047975741
0.43402863,-0.003314456
0.62656355,-0.003314456
0.097032562,-0.092640251
-0.37423262,0.11734468
0.25627801,-0.003314456
0.68820292,0.02216473
-0.16417478,0.02216473
0.90338606,-0.007562996
0.46453869,-0.051971547
0.78082287,-0.003314456
0.26637509,-0.003314456
0.39459702,-0.013638836
0.69117999,-0.003314456
0.57379574,0.025829734
-0.56027412,-0.003314456
-0.017623283,0.006855282
1.0125091,0.15029626
0.66900569,0.059998188
0.20506984,0.019130915
0.96070504,0.074437618
-0.057786137,0.016679397
0.76639187,-0.003314456
0.44196582,0.10583103
0.13656695,-0.014956015
-0.54706281,-0.003314456
-0.50406069,0.015050552
0.75528616,0.023166813
0.78678006,-0.003314456
1.4787004,0.094716273
0.7580241,0.13561408
-0.33864865,-0.051828358
0.84789956,0.17818399
0.19936839,0.028575011
-0.19658254,0.007190115
-0.04547042,0.018496692
0.49872857,0.048750576
0.62567449,0.073099166
0.024117533,-0.003314456
0.1154722,-0.013701536
0.038188856,-0.01053285
1.1609906,0.2031043
-0.075443298,-0.035305131
0.26719177,-0.005953128
1.3089689,0.17191245
0.68808579,-0.039614912
0.47039682,0.049938817
0.033834301,0.021976825
-0.059485454,0.082953081
0.051900487,-0.003314456
0.50909084,0.016555285
-0.63043153,-0.003314456
0.47536522,0.089569919
0.41804105,-0.036765993
-0.70733821,0.035444751
0.43768021,-0.003314456
0.55650854,0.032195844
0.59357506,-0.003314456
-0.5332005,0.018984806
1.5363581,0.097773999
0.6229015,-8.61884E-05
-0.24787489,-0.003314456
-0.11094715,-0.003314456
-1.5736403,-0.10027729
-0.11585844,-0.15136573
0.86888254,0.029439021
0.10611165,-0.003314456
1.0087947,0.095911965
-0.63585585,0.10359459
0.62535822,0.006718664
0.064176403,0.004244438
-0.40807328,-0.003314456
-0.7205416,-0.074830458
0.91258377,0.082501404
-0.25121117,-0.007939802
-0.4809089,0.010920926
0.51595926,0.048817284
0.63420784,0.048817284
-0.16845721,-0.003314456
0.2066557,-0.003314456
-0.1259025,-0.003314456
1.0216578,0.11051571
-0.3268621,-0.009070146
-0.63472372,-0.003314456
-0.15041678,0.085792989
-0.25816476,-0.003314456
-0.3624216,-0.011515423
0.12939754,-0.003314456
0.096915543,-0.003314456
-0.3346628,-0.064546973
-0.000216855,-0.003314456
0.43832254,0.081877179
0.32722646,-0.003314456
0.084952697,-0.003314456
-0.16668823,-0.003314456
-0.17447142,-0.003314456
0.63874316,0.14369749
-0.85441959,-0.22322059
-0.06942758,0.034102198
-0.27981478,-0.049081996
0.23764062,0.02171197
0.47115192,-0.003314456
-0.025759425,0.00841211
-0.23856041,-0.15247773
-0.070556425,-0.0896741
-0.22779624,-0.018821117
-0.4274883,0.045965571
-0.088433973,0.056933902
-0.001279455,0.22133206
-0.17491835,0.22133206
-0.16672239,-0.025591662
-0.83071905,-0.003314456
-0.10607312,0.062658705
0.30848312,-0.003314456
-0.53981721,-0.032995224
-0.30678403,0.10274786
-0.16338558,0.15039802
0.87045681,-0.003314456
-0.5967418,-0.054389473
-0.40460831,-0.002989753
-0.43197691,-0.006728428
0.39938453,-0.007353084
-0.41229317,-0.08693476
0.58692509,-0.002321089
-0.93606907,-0.003314456
-1.7737262,-0.003314456
-2.5511432,-0.003314456
-0.26400024,-0.040104806
-0.36209428,0.007412677
-0.09669891,-0.028831586
-0.77836508,-0.10616749
-0.15011442,0.054755542
-0.035640672,-0.047052249
-0.3942138,-0.003314456
-2.2227745,0.021016747
-2.0994265,0.017437669
-0.5234676,-0.003314456
0.81876343,0.007283377
0.46269926,-0.003314456
-0.71756315,-0.018940998
-0.21693292,-0.1100403
0.49811399,-0.003314456
-0.040020276,0.1018132
-0.44108236,-0.10047714
-0.30663583,-0.10047714
-0.16819422,-0.16013677
-0.91380274,0.018334709
0.98282552,0.04702051
-1.2051262,-0.003314456
-0.48143291,-0.004566546
-0.57919925,-0.003314456
-0.16991448,-0.034986936
-0.36640254,-0.003314456
0.037482586,-0.003314456
0.40903342,-0.003314456
-4.0540967,-0.003314456
-0.075315535,0.025253575
0.61253583,-0.003314456
1.7894837,-0.072351918
-0.42944574,-0.021145344
1.7318457,-0.003314456
-0.13458014,-0.003314456
0.66823632,-0.003314456
-1.3445941,-0.003314456
0.65373361,-0.003314456
0.60438514,-0.003314456
-0.32246667,-0.003314456
-0.054517817,-0.003314456
-0.14212444,-0.003314456
-0.54815239,-0.003314456
0.41434979,0.016927546
0.29175088,0.014159583
-0.31390536,0.024483142
-0.21378623,0.092174985
0.24274698,0.059198439
-0.25492892,-0.003314456
0.28381082,0.07559339
0.4072164,0.002333126
0.23299442,0.16272803
-0.57179439,0.09557426
-0.045203201,0.078202032
0.5287953,0.14496711
-0.09719225,-0.084028728
0.72681493,-0.003314456
1.5485843,0.06743525
0.47239369,0.088298917
-0.30180556,0.0446468
-0.67352217,-0.003314456
-0.17692946,-0.015866654
0.27200204,0.051803209
-0.032749422,-0.086977936
0.22909692,0.052106697
0.41768178,0.032807089
0.81607467,0.015597353
0.65748662,-0.03062729
-2.6498647,0.044097144
0.23679899,0.042006008
1.1458951,0.064732403
0.11251162,-0.029405138
0.14231604,0.00245331
-0.19978255,0.00245331
0.23340082,-0.026279433
0.45313999,0.031753622
0.20486151,0.044724349
-0.38790458,-0.020708364
0.25280181,0.095513776
0.73570478,0.1681007
-0.58245665,-0.070087343
-0.66972047,-0.003314456
0.016029807,-0.007687631
0.243295,0.077075027
0.54788816,-0.050849415
0.28371277,-0.050849415
0.45383835,0.017120164
0.34723467,-0.000492255
-0.090694763,0.061917704
0.47441375,-0.003314456
0.41766036,-0.007887418
0.41766036,-0.007887418
-0.39540231,0.079505533
-0.095341586,0.11032945
-0.079474285,-0.003314456
0.60295939,-0.003106537
0.59513569,-0.029058458
0.14305651,-0.056990206
-0.99910325,-0.003314456
0.29638043,0.083852746
-0.64088905,-0.003314456
0.77672011,0.078433104
1.3774136,0.076470554
1.2881773,0.076470554
0.88292211,-0.003314456
0.18161812,0.11279332
0.21762799,-0.030396074
0.074506752,-0.0661892
0.41109189,-0.034464069
1.0408627,0.13787076
-0.048453987,-0.19017109
0.49323025,0.13287431
0.3660748,-0.003314456
0.19610073,-0.003314456
0.10737007,-0.090015821
-0.022921739,-0.030586788
0.89272702,0.11973448
-0.35121906,0.003177769
0.55670345,0.26954845
0.44709593,-0.13245575
-2.2070665,0.02564594
-0.24404757,0.065113999
1.0720829,-0.0018497
-0.15668389,-0.54968822
0.060749795,-0.022115387
-0.050363876,-0.003314456
0.4757089,-0.003314456
0.32773021,-0.003314456
0.40729782,-0.003314456
-0.13221246,0.070042074
-0.36372474,0.033025794
-0.74346024,0.024061535
0.16749519,-0.003314456
-0.13156195,0.016778747
0.034405138,0.016778747
0.24409197,0.008858751
-0.078296065,-0.038896166
0.0058351,-0.003314456
-0.61279792,-0.009404012
-0.096432425,-0.003314456
-0.10330417,0.040636584
-0.11446,-0.003314456
-0.068611078,-0.003314456
0.92186671,-0.003314456
-0.54497719,-0.50276679
-0.21567366,0.038306087
0.56440371,-0.003314456
-0.71107841,-0.030855812
-1.772534,-0.003314456
0.16936521,-0.00096534
-0.1802754,0.00397655
-0.32171446,-0.029914299
1.1727835,0.063097544
0.30688679,0.085183144
-0.044350266,-0.04885371
0.049975224,-0.003314456
0.19682276,-0.013214597
-0.29222238,-0.003314456
0.031006992,-0.003314456
-0.37535426,-0.003314456
0.033532452,-0.003314456
-0.21375418,0.027395681
0.33065537,-0.067576103
0.74353749,0.048864596
0.48577091,-0.003314456
-0.36880672,-0.003314456
-0.27842328,-0.050635226
0.25783905,-0.003314456
-0.50746673,-0.003314456
-0.36521155,0.041753415
-0.030693535,-0.003314456
-0.65589166,-0.12211323
0.79754311,0.034740578
0.91252571,-0.028871335
1.4238796,-0.11839234
-0.0110384,0.20581383
0.63122982,-0.018334799
0.58728111,-0.025206355
-1.339635,-0.074687928
-0.56191927,0.014286573
-0.39880607,-0.003314456
-0.21687673,-0.003314456
-0.24641924,-0.010717751
1.782462,-0.04990134
-0.58129537,-0.022721177
0.41983747,-0.003314456
-0.14988101,-0.028057968
0.057755079,-0.036571309
0.60477495,-0.003314456
0.64468795,-0.003314456
0.81372488,-0.003314456
-0.14298427,-0.003314456
0.11760072,0.053910669
-0.30576259,-0.020206343
-0.47387227,-0.00289595
-0.35602993,-0.003314456
-0.24491693,-0.099090233
0.084399112,-0.000637389
-0.46877965,0.006265273
0.081434242,-0.003314456
0.45202518,-0.074217983
0.021438032,-0.058266856
-0.33499023,-0.003314456
0.13945836,-0.025436198
0.96720761,-0.050210405
-0.25604194,-0.011658735
-0.023743622,-0.040424116
0.27842468,-0.016523739
0.81152117,-0.003314456
-0.67319304,-0.12943788
-0.29244077,-0.10336115
0.17028221,-0.003314456
0.30427238,0.045407943
-1.2880194,-0.077331513
-2.1123521,-0.003314456
-0.5296945,-0.003314456
0.56822407,0.066515416
0.037028309,4.2103E-05
-0.089773558,-0.081437424
0.35601479,-0.005709229
0.2722851,-0.003314456
0.030020023,0.043310814
0.068901561,-0.006061199
0.16082616,-0.009178503
-0.55089217,0.046276145
-6.5075083,-0.040540211
0.1566703,-0.003314456
0.91332501,-0.01720063
-0.26188484,-0.064880125
0.68583059,0.044858914
0.30487058,0.044858914
0.76834345,-0.007211152
0.14739633,-0.052984182
0.23946692,-0.004922465
0.19894078,-0.15206733
2.0939419,-0.003314456
-0.53870261,0.12059163
-0.3039493,-0.003314456
0.58124638,-0.011171571
0.4798179,0.079117246
0.57813293,0.045961317
0.014322023,0.004908843
-0.36133209,0.004448726
0.27297077,0.039185062
0.52549762,-0.003314456
0.3415747,-0.075280376
0.1196151,0.044572853
0.009143102,0.03562345
0.58779311,0.003773143
-1.0282282,-0.003314456
0.006901345,-0.003314456
-0.099621609,-0.003314456
0.84922385,0.073922202
0.84956819,0.1824633
-0.31723496,0.005616024
-0.48399866,-0.003314456
0.04437029,-0.010378892
0.59426022,0.11442116
0.10180914,-0.003314456
-0.40757641,-0.006539526
-0.11197101,-0.050110631
0.52591079,-0.07447698
1.2117023,0.041006315
-0.3889704,-0.003314456
-0.43375561,-0.003314456
0.88979703,-0.003314456
-0.58814812,0.099356681
-0.65820605,0.099356681
-0.19885354,-0.003314456
0.84778881,0.003950775
0.048788108,-0.003314456
-0.26947752,-0.003314456
0.9171899,-0.003314456
0.32110599,-0.003314456
0.095474832,-0.035600211
0.071329333,-0.035600211
-0.20511448,0.1771414
0.28226051,-0.003314456
1.5099781,0.10909265
-0.36074138,0.006308687
-0.22257742,0.35446835
-0.20886731,0.055844285
-0.10828724,-0.003314456
-0.27020559,-0.064901955
-0.28533751,-0.043255441
0.019492665,-0.015492185
0.66592306,-0.075398691
-0.36850727,0.003381348
-0.86022729,0.003381348
-0.063138701,0.009410123
-0.37124199,-0.003314456
0.32113543,-0.082848065
-0.22464801,-0.074470229
0.045141906,-0.06380865
-0.51145703,0.079942606
-0.71152723,-0.003314456
0.45212844,-0.014373163
0.60741335,-0.003314456
-0.19711363,-0.003314456
-0.24677764,-0.003314456
-0.83792597,-0.12624295
0.22467631,-0.022931077
-0.059245668,-0.003314456
-0.004732278,-0.003314456
-0.033229623,0.012755965
0.42595786,-0.001968734
-0.6232636,0.04805332
0.5337795,-0.24549274
0.24120897,-0.003314456
0.1248695,-0.023245754
-0.352678,-0.11735692
0.066855468,-0.003314456
0.6055544,0.003578859
0.68447632,-8.15646E-05
0.52268112,-8.15646E-05
-0.10474159,-0.003314456
-0.16830979,0.28439999
0.43814829,0.016806358
0.19883907,0.016806358
0.61536628,0.082882822
-1.2813345,0.045393951
-0.42305306,-0.05169275
-0.63756102,0.083339311
-0.10790857,-0.025155762
-0.3681961,0.021279747
0.13927513,-0.056974027
-0.2155008,-0.02929469
-0.070173539,-0.003314456
-0.36494043,0.014047449
-0.32741416,-0.003314456
0.094467282,0.050020717
0.021877315,0.14909676
-1.6594768,-0.003314456
1.451473,0.19596748
1.451473,0.19596748
1.451473,0.073824927
1.451473,-0.10619383
-0.75191736,-0.003314456
-0.13118398,0.013510212
-0.26964989,-0.072062477
-0.25060698,0.028981429
0.26451832,-0.049218222
0.75562239,0.04158115
0.11259243,-0.033925563
-0.40273345,-0.003314456
0.15908413,0.18334256
-0.093657501,0.022498263
0.018335933,-0.096142054
0.13218415,-0.003314456
-0.83193254,-0.10480988
-0.087772012,-0.003314456
-1.5988866,-0.003314456
-0.20142977,-0.053044248
0.015708713,0.009649429
-0.20485733,-0.004942993
-0.29682407,-0.003314456
-1.2460082,-0.028678559
0.34062076,-0.003314456
-0.27832684,-0.003314456
-0.14847337,-0.003314456
0.62394398,-0.003314456
0.87923902,-0.003314456
0.5336442,-0.003314456
-2.7318885,-0.064318404
0.22375686,0.075095244
0.29854628,-0.045066904
0.29753456,0.038603701
0.31496498,0.068249926
-0.06551417,-0.05248487
-0.42103335,-0.003314456
0.17105737,-0.089363381
-0.35239449,-0.012037569
1.2451618,-0.003314456
0.017711051,-0.029464569
-0.025946377,-0.11727919
0.4728502,-0.003314456
-0.1246696,0.2436958
-0.28644994,0.2436958
0.000207282,-0.003314456
0.33520815,0.071444668
0.5098452,0.036032081
0.63174659,-0.003314456
-0.048651945,-0.003314456
-0.22216341,0.006382625
-0.16864303,-0.003314456
-0.79685354,-0.003314456
-0.52977794,-0.18699834
0.60752618,0.021344418
-0.45889336,-0.003314456
0.41471982,0.008135198
0.026589086,0.03393193
0.2577796,-0.049648754
0.21757554,-0.003314456
0.12989733,-0.003314456
-0.62391645,0.015956152
-1.155111,0.015258643
0.13829903,0.03882394
-0.21787395,0.11476067
-0.19037595,0.064432912
-0.10011555,0.010049574
-1.5441403,-0.084994383
-0.51194811,-0.050802376
0.12055338,-0.026927093
0.7766729,0.10004392
-0.12185806,-0.003314456
0.73705244,0.045875449
0.1038399,-0.01858104
0.63147616,-0.07446216
0.70002341,-0.07446216
0.56024724,-0.003314456
0.96500462,0.087320164
0.88648945,-0.003314456
-0.52039427,-0.003314456
0.11112238,-0.039642587
-0.010659705,-0.003314456
0.22424613,0.039787885
0.37284064,-0.007901426
0.9369002,0.094753653
-0.59756106,-0.003314456
0.5457955,-0.003314456
0.42448062,-0.001125685
-0.63440317,-0.003314456
-0.042390965,-0.021131489
0.14435379,-0.051313628
-0.011853278,0.010697927
-0.1834624,0.007963356
0.58865714,0.20391789
-0.12308799,-0.10145747
0.74120182,0.062894382
0.020737579,-0.12564921
0.062834881,-0.029162468
0.70612544,0.03507828
0.24300209,-0.006596148
0.69465369,0.041420367
0.58522475,-0.001613051
0.034442913,0.040190518
-0.24961539,-0.034711875
0.01525686,-0.098264813
0.74409807,0.17114139
-0.48919058,-0.18816546
0.067121014,-0.14219269
0.75070542,0.2455042
-0.62923044,-0.003314456
-0.067182265,-0.003314456
0.24369505,0.069092862
-0.29289293,0.016485728
-0.045462251,-0.003314456
-0.58323127,-0.068128549
-0.43738875,-0.056347311
0.66085726,0.000702872
0.023869809,0.001037584
-0.17449039,-0.003314456
0.26185831,-0.003314456
0.65857023,-0.012182766
-0.73376048,-0.003314456
0.48073578,-0.003314456
-0.26426679,-0.003314456
0.17901911,0.00846992
0.051369313,-0.003314456
-0.22998816,-0.003314456
-0.15752822,0.16276824
-0.52299017,-0.003314456
0.62448341,0.08612223
1.1856629,-0.003314456
-0.38437554,0.054763988
-0.12970677,0.093928531
0.58854592,-0.020944895
0.40786073,0.049648985
-0.33089429,-0.046314351
-0.40850779,-0.18502603
-0.48448166,0.018106051
-0.14479613,-0.027195554
0.59153616,-0.003314456
0.16963691,0.016703239
-0.2709834,0.009683021
-0.13710345,-0.20565765
0.43893835,-0.13665025
0.55231071,0.025698209
0.19477844,0.043232311
0.31554645,-0.003314456
0.40925345,-0.003314456
-0.21964106,0.039498396
0.08917027,-0.003314456
0.33045974,-0.003314456
-0.3531929,-0.003314456
-0.16022097,-0.10212805
-0.042523686,0.038571224
-0.23485832,-0.003314456
0.49710006,0.078887112
0.49710006,0.078887112
-0.25051838,-0.046565998
-0.35510725,-0.25251675
0.87720978,0.056141451
0.92412525,0.13790917
0.32327765,-0.003314456
0.2240945,0.022910565
0.91046637,-0.10623889
0.24808131,-0.003314456
-0.836725,0.002851842
0.2212273,0.028504826
-0.073767632,0.007494899
0.11696778,-0.054381412
0.43550065,0.032460015
0.31508663,-0.003314456
-0.52446681,-0.003314456
-0.36915106,-0.003314456
0.20407885,-0.10671874
0.96830863,-0.057886556
-0.15444273,-0.18765622
0.35281506,-0.003314456
0.25338346,-0.003314456
-0.50191361,-0.08296115
0.16576226,-0.003314456
-0.17321153,0.011932593
0.79987907,-0.059017457
0.58423764,0.01985855
0.41175541,-0.20566224
0.154148,0.002549421
0.37771094,0.13588899
0.41207087,0.12555125
0.61506134,0.016851623
0.24764153,0.11703729
0.50740701,-0.003314456
-0.10704381,0.079816259
0.4783608,-0.68161523
1.158987,-0.029845476
0.55667382,0.017038608
0.50404,0.035728104
-0.097134955,-0.003314456
0.70259708,0.1258063
0.47961792,-0.003314456
0.88148457,-0.001328704
-0.23096332,0.075928368
0.036236025,-0.027993076
0.030138912,-0.003314456
-1.4818521,-0.03668499
0.82961172,0.12125252
0.93310905,0.019974006
0.2153483,0.15360644
0.51935285,0.070102096
-0.13866989,-0.11434452
0.53858852,-0.003314456
0.044191238,-0.003314456
-0.14378653,0.10510127
0.96390885,-0.01985353
1.2424942,-0.01985353
0.17240806,0.067913659
-0.36042756,0.053963225
0.37089792,0.008924636
-0.71510965,-0.003314456
-0.10036243,0.10246787
-0.16319863,-0.018688863
-0.60526007,-0.018688863
-0.52459377,-0.003211187
0.22151433,-0.003314456
0.34324428,0.079464026
2.1051729,-0.02734942
0.96856892,0.09351936
-0.59063518,-0.003314456
1.1075974,0.067877546
0.63222289,0.10387405
0.47449315,0.018538443
0.68252385,-0.003314456
0.029644234,0.13908052
0.19825104,-0.003314456
0.28636837,-0.003314456
0.58179957,-0.053240303
-3.4500372,-0.003314456
0.64840657,0.007612717
0.43353373,-0.003314456
0.39193991,-0.003314456
0.29450086,-0.047507793
0.51341677,-0.003314456
-0.16144346,-0.003314456
-0.033337485,0.090632074
0.51942927,0.081612512
0.052560363,-0.003314456
0.089851782,-0.001185134
0.458078,0.18028982
0.10283942,-0.021993438
-0.16487481,-0.017792718
-0.92061013,0.061223842
-1.9498076,-0.003314456
0.40907958,0.024908004
0.38337415,0.032139987
-0.75228488,-0.011198562
-0.36338562,-0.003314456
-0.53131229,0.032400951
-0.051140279,-0.003314456
0.34621328,-0.061606813
0.8076055,0.032277301
0.3606717,0.007015643
-0.13090523,-0.001184664
-0.19552888,0.032690309
0.31604707,-0.10334846
-0.35948628,-0.003314456
-0.11422125,0.30297279
0.064890251,0.006488833
-2.268388,0.021193301
0.38086894,0.10994974
0.71035612,-0.008425506
-0.25219557,-0.003314456
0.5678972,0.012761339
0.94931471,0.009378014
-0.40200794,-0.003314456
0.092052154,0.018476842
0.092951052,-0.003314456
-0.50249738,-0.003314456
-0.16046765,-0.037592616
0.020106137,-0.003314456
-0.27459627,-0.003314456
0.009649439,-0.057109658
1.8633325,0.009974657
-0.19160213,-0.003314456
0.34044617,0.10044989
0.3842642,0.096484594
-0.001902567,0.079191439
0.13191602,-0.09603624
-0.325822,-0.064140297
0.64457768,-0.039406832
0.07294064,-0.003314456
-0.25013041,-0.003314456
-0.39034361,-0.003314456
-0.1214723,0.047108747
-0.4252671,-0.003314456
-0.47730538,-0.000779471
-0.2523106,-0.003314456
0.37123126,-0.003314456
-0.86884969,-0.030642714
-0.36921003,-0.003314456
-0.019517833,-0.15089011
0.13044533,-0.26214153
0.23352945,-0.11269125
0.29769352,-0.003314456
1.3380499,-0.003314456
-0.59983069,-0.043823816
0.4093186,-0.099114724
0.31978905,-0.099114724
-0.27515903,-0.090209231
0.65111548,-0.008163034
0.41163433,0.029075144
-0.43793717,0.053106416
-2.1082981,-0.089655302
-0.57910943,-0.002616654
-0.56414312,-0.002616654
-1.1014197,-0.003314456
-0.38516095,-0.054152709
-0.27282035,-0.054152709
-0.50662082,-0.003314456
0.47500008,-0.003314456
-1.6233938,-0.083356306
-0.1348096,0.15796047
-0.24528159,0.1444184
0.54282176,-0.005931817
-0.3179543,-0.12092622
0.021964511,-0.12092622
0.19714941,-0.19721575
-0.30880114,-0.002640782
0.58187693,0.098523386
-0.55801028,-0.003314456
-0.69261128,0.34257331
0.33967113,0.06543304
0.13011862,-0.061956987
-0.015079875,0.003246931
-0.000632601,-0.003314456
0.79677987,-0.42714241
0.076980472,-0.06990581
0.19248374,-0.010857031
-0.56397766,-0.003314456
-0.37475738,-0.23802908
-1.2326843,-0.003314456
0.41068479,-0.003314456
0.35701734,0.040463027
0.47532317,0.029412188
0.35194376,0.060313426
0.15597627,-0.052156046
0.83144307,0.07180272
0.40918699,-0.003314456
-1.3181956,-0.003314456
-0.13901184,-0.003314456
0.87325394,-0.003314456
0.31828618,-0.003314456
0.67865789,-0.003314456
0.57182163,-0.003314456
-0.56725317,-0.003314456
-0.6340192,-0.003314456
-0.015473617,-0.002857464
-0.42954624,-0.10663627
-0.36324251,0.047483735
-0.054496009,0.029697092
0.45249778,-0.003314456
-0.34580863,-0.003314456
-0.39345837,0.011473534
-0.34923863,-0.003314456
-0.28168425,-0.04782325
0.40519628,-0.003314456
0.42121968,-0.003314456
0.62600309,-0.003314456
0.46089163,0.010523665
0.12942243,-0.046837069
-0.82331765,0.038986139
0.78528637,-0.003314456
-0.22222668,0.003858194
-0.63972932,-0.29476121
0.5397495,0.10599772
-0.015958229,0.04804115
-1.1344903,0.046432946
-0.24936958,-0.003314456
0.13852672,-0.003314456
0.32760781,0.036445521
-0.50539297,-0.003314456
-1.1585348,-0.003314456
0.72015733,0.00125066
0.64033234,0.042173631
0.21599917,0.056580693
0.52286273,0.005743427
-0.53234744,-0.003314456
-0.37181121,-0.003314456
0.19236684,-0.11644899
-0.26336807,-0.003314456
-1.1304942,-0.15060446
-0.10762015,-0.0856665
0.16938862,0.037319355
0.29970205,0.007517579
0.91301036,0.030663146
0.39321941,0.06788709
-2.0629947,-0.003314456
0.3821514,0.018619586
0.61841822,-0.003314456
-0.22285713,-0.018381678
-1.2096466,-0.039432295
0.15245484,-0.13540885
0.065350235,-0.13822727
-0.0371667,-0.009533249
0.54070914,-0.003314456
0.32044065,-0.003314456
-0.21340588,-0.003314456
0.2050426,0.10213302
-0.24847804,-0.27609333
-0.32492858,-0.038164776
2.1697347,-0.003314456
0.16839993,-0.003314456
0.08324115,0.026625423
0.48285761,0.005704267
0.82285309,0.09935753
-0.19948111,-0.003314456
0.33283728,-0.03168885
-0.07202138,-0.003314456
1.1340573,0.077271417
0.10947952,0.044129118
0.44893864,-0.2033609
0.91618687,0.16934218
0.43893015,0.003011543
-0.48259658,-0.003314456
0.41199315,0.068880863
0.4225626,0.025172446
0.90992367,0.26571885
0.55804628,0.14210808
-0.067953162,0.038692448
0.7421546,-0.003314456
0.41903424,0.002658211
-0.41074055,-0.029081732
0.1659634,0.033414323
0.15227291,0.007227664
-0.21933678,-0.017098792
-0.006312056,0.11164328
-0.83946681,-0.003314456
-0.19288559,0.063040532
0.95979226,-0.003314456
0.074370638,-0.003314456
0.277915,0.004520163
0.009256039,-0.065772042
-0.24639507,-0.003314456
0.60358548,0.050986722
0.12964027,0.053521775
0.56411844,0.060970202
0.57563376,-0.003314456
0.1668714,0.0090032
0.2235821,-0.036404211
0.29755887,-0.046875995
-0.005069598,-0.090581156
-0.28490898,0.051210079
-0.43066159,-0.003314456
0.44766772,0.019666499
2.9891715,-0.003314456
0.32692578,-0.003314456
0.4752579,0.033473037
0.49384367,0.067718871
0.74543476,0.05111248
-0.12425034,-0.003314456
0.20023252,0.10270137
0.37534371,-0.003314456
-0.161916,-0.10453489
-0.161916,-0.10453489
0.5066722,-0.003314456
0.30597368,-0.018844889
0.042342816,0.028016003
0.44173154,-0.003314456
-0.29654804,-0.064194441
0.19653964,0.038767215
0.46668327,0.078725204
-0.30120829,-0.003314456
0.5605045,0.28205937
1.1608056,-0.088985272
0.48630571,0.016038315
0.72841388,-0.003314456
0.65558988,0.081180245
0.21903014,-0.020634649
0.9999783,-0.003314456
0.24339598,0.021279721
0.30088946,-0.003314456
-0.31478557,-0.054601192
0.0208026,0.056448285
0.24387984,-0.037967447
-0.41502753,-0.021054314
-1.0295336,-0.010865588
0.12218588,-0.001375087
-0.28919527,-0.003314456
0.40855682,-0.13324565
0.40453279,-0.041906681
0.55867046,-0.039421733
0.23602501,-0.044725839
0.6391772,-0.013175895
-0.25958622,-0.11295676
0.25094944,0.087060712
0.93684381,0.064179905
-0.025046876,-0.012141909
0.070753321,0.046166621
-0.1826532,-0.003314456
-0.16227648,0.019346479
-0.21754529,-0.003314456
0.29662359,0.032868106
-0.009834661,-0.025446523
0.24616201,-0.025446523
0.43345207,-0.003314456
-0.1729209,0.009155443
0.90566033,0.10548617
0.45734,-0.003314456
0.070075803,0.062313158
1.025411,-0.011732901
0.50089693,0.001859326
-0.13867474,-0.093768239
0.26647806,0.001120547
0.15778789,0.030272355
-0.46995866,0.001874176
0.34608647,0.095816843
0.36078712,-0.003314456
0.38088912,0.047705181
-0.43313047,-0.021816274
0.16715188,0.12094592
0.76787531,0.071969636
-0.14272615,0.13322417
-0.2435682,0.00926832
-0.4871524,0.046439223
-0.037003387,0.053020284
-0.5144608,-0.026385842
0.16845942,0.11270141
-0.64434642,-0.003314456
-0.60970616,-0.003314456
0.61192119,0.10695745
-0.24765913,-0.003314456
0.16638397,-0.003314456
-0.022919996,-0.025561603
0.026544547,0.083438039
-0.90268821,0.012441933
-0.32402155,-0.090444908
-1.6230526,-0.1572355
-0.22982651,0.016615408
-0.38544834,-0.086384624
0.1350356,-0.019324353
-0.47289661,-0.089070342
-0.001880625,-0.08587727
-0.3809275,-0.05678688
-0.16658467,-0.003314456
0.1292361,0.080427349
0.49737293,0.13317756
-0.061608326,0.000253851
0.67599362,0.13424687
-0.73795211,0.008263392
0.033962406,-0.001941174
0.22693646,-0.027045391
0.67618442,0.2837849
0.63020182,-0.003314456
0.40978056,0.069891706
0.46607828,0.034294922
0.25112617,-0.040436789
0.67236722,-0.003314456
-0.13689771,-0.050100252
0.16856258,-0.050100252
-0.13596149,0.028706219
0.3882874,0.003433376
-0.14017525,-0.042649865
-1.4689379,-0.003314456
0.020886257,0.002403223
-0.25291425,-0.003314456
-0.031328984,-0.034361653
-0.49744633,-0.065525696
-0.046332527,0.038890462
-0.24253011,-0.003314456
-0.004854322,-0.40323213
-0.32406318,-0.11510902
-0.36960053,0.014555275
-0.28473523,-0.003314456
-0.1330613,-0.036060441
1.1022042,-0.091710307
-0.34514377,-0.007129663
-1.2890476,-0.045151621
0.92721438,-0.003314456
-0.2555843,0.17685451
0.06744203,0.082922846
-0.56181532,-0.003314456
-0.087884925,0.013910462
-0.79714668,-0.003314456
-0.23362543,0.45442438
0.62420148,-0.003314456
1.4596629,-0.003314456
0.16633798,-0.003314456
0.31800789,0.11147171
-0.25405261,-0.14945798
0.86581165,-0.003314456
0.53553712,0.018070281
-1.8232094,-0.003314456
2.6243503,-0.081690632
0.74187768,-0.003314456
-0.62231034,-0.003314456
-0.29030505,-0.003314456
0.28066167,-0.003314456
0.31235194,-0.003314456
-0.4283962,0.08289355
-0.82784438,-0.044997234
-0.10167587,-0.003314456
0.89415121,-0.028866904
-1.9724584,-0.003314456
-3.1233261,-0.003314456
0.78983229,-0.003314456
